SYMBOL,
AAA,
AAAU,
AACG,
AACQ,
AADR,
AAIC,
AAL,
AAMC,
AAME,
AAN,
AAOI,
AAON,
AAP,
AAPL,
AAT,
AAU,
AAWW,
AAXJ,
ABB,
ABBV,
ABC,
ABCB,
ABCL,
ABCM,
ABEO,
ABEQ,
ABEV,
ABG,
ABIO,
ABM,
ABMD,
ABNB,
ABR,
ABST,
ABT,
ABTX,
ABUS,
ACA,
ACAC,
ACAD,
ACB,
ACBI,
ACC,
ACCD,
ACCO,
ACEL,
ACER,
ACES,
ACET,
ACEV,
ACGL,
ACH,
ACHC,
ACHV,
ACI,
ACIA,
ACIC,
ACIO,
ACIU,
ACIW,
ACLS,
ACM,
ACMR,
ACN,
ACNB,
ACND,
ACOR,
ACP,
ACRE,
ACRS,
ACRX,
ACSG,
ACSI,
ACST,
ACTC,
ACTG,
ACTV,
ACU,
ACV,
ACVF,
ACWF,
ACWI,
ACWV,
ACWX,
ACY,
ADAP,
ADBE,
ADC,
ADCT,
ADES,
ADFI,
ADI,
ADIL,
ADM,
ADMA,
ADME,
ADMP,
ADMS,
ADNT,
ADOC,
ADP,
ADPT,
ADRE,
ADS,
ADSK,
ADT,
ADTN,
ADTX,
ADUS,
ADV,
ADVM,
ADX,
ADXN,
ADXS,
AEB,
AEE,
AEF,
AEFC,
AEG,
AEGN,
AEHL,
AEHR,
AEIS,
AEL,
AEM,
AEMD,
AENZ,
AEO,
AEP,
AER,
AERI,
AES,
AESE,
AESR,
AEY,
AEYE,
AEZS,
AFB,
AFBI,
AFC,
AFG,
AFGB,
AFGC,
AFGD,
AFGE,
AFI,
AFIB,
AFIF,
AFIN,
AFK,
AFL,
AFLG,
AFMC,
AFMD,
AFRM,
AFSM,
AFT,
AFTY,
AFYA,
AGBA,
AGC,
AGCB,
AGCO,
AGD,
AGE,
AGEN,
AGFS,
AGFY,
AGG,
AGGP,
AGGY,
AGI,
AGIO,
AGLE,
AGM,
AGMH,
AGNC,
AGO,
AGQ,
AGR,
AGRO,
AGRX,
AGS,
AGT,
AGTC,
AGX,
AGYS,
AGZ,
AGZD,
AHAC,
AHC,
AHCO,
AHH,
AHPI,
AHT,
AIA,
AIC,
AIEQ,
AIF,
AIG,
AIH,
AIHS,
AIIQ,
AIKI,
AIM,
AIMC,
AIN,
AINC,
AINV,
AIO,
AIQ,
AIR,
AIRC,
AIRG,
AIRI,
AIRR,
AIRT,
AIT,
AIV,
AIW,
AIZ,
AIZN,
AIZP,
AJAX,
AJG,
AJRD,
AJX,
AJXA,
AKAM,
AKBA,
AKER,
AKR,
AKRO,
AKTS,
AKTX,
AKU,
AKUS,
ALAC,
ALB,
ALBO,
ALC,
ALCO,
ALDX,
ALE,
ALEC,
ALEX,
ALFA,
ALG,
ALGM,
ALGN,
ALGS,
ALGT,
ALIM,
ALJJ,
ALK,
ALKS,
ALL,
ALLE,
ALLK,
ALLO,
ALLT,
ALLY,
ALNA,
ALNY,
ALOT,
ALPN,
ALRM,
ALRN,
ALRS,
ALSK,
ALSN,
ALT,
ALTA,
ALTG,
ALTL,
ALTM,
ALTR,
ALTS,
ALTU,
ALTY,
ALUS,
ALV,
ALVR,
ALX,
ALXN,
ALXO,
ALYA,
AMAL,
AMAT,
AMBA,
AMBC,
AMBO,
AMC,
AMCA,
AMCI,
AMCR,
AMCX,
AMD,
AME,
AMED,
AMEH,
AMER,
AMG,
AMGN,
AMH,
AMHC,
AMJ,
AMK,
AMKR,
AMLP,
AMN,
AMNA,
AMNB,
AMND,
AMOM,
AMOT,
AMOV,
AMP,
AMPE,
AMPH,
AMPY,
AMRB,
AMRC,
AMRK,
AMRN,
AMRS,
AMRX,
AMS,
AMSC,
AMSF,
AMST,
AMT,
AMTB,
AMTI,
AMTR,
AMTX,
AMUB,
AMWD,
AMWL,
AMX,
AMYT,
AMZA,
AMZN,
ANAB,
ANAT,
ANCN,
ANDA,
ANDE,
ANET,
ANEW,
ANF,
ANGI,
ANGL,
ANGO,
ANH,
ANIK,
ANIP,
ANIX,
ANNX,
ANPC,
ANSS,
ANTE,
ANTM,
ANVS,
ANY,
AOA,
AOD,
AOK,
AOM,
AON,
AONE,
AOR,
AOS,
AOSL,
AOUT,
APA,
APAM,
APD,
APDN,
APEI,
APEN,
APG,
APH,
APHA,
API,
APLE,
APLS,
APLT,
APM,
APO,
APOG,
APOP,
APPF,
APPN,
APPS,
APRE,
APRN,
APSG,
APT,
APTO,
APTS,
APTV,
APTX,
APVO,
APWC,
APXT,
APYX,
AQB,
AQMS,
AQN,
AQNA,
AQNB,
AQST,
AQUA,
ARAV,
ARAY,
ARB,
ARBG,
ARC,
ARCB,
ARCC,
ARCE,
ARCH,
ARCM,
ARCO,
ARCT,
ARD,
ARDC,
ARDS,
ARDX,
ARE,
AREC,
ARES,
ARGD,
ARGO,
ARGT,
ARGX,
ARI,
ARKF,
ARKG,
ARKK,
ARKO,
ARKQ,
ARKR,
ARKW,
ARL,
ARLO,
ARLP,
ARMK,
ARMP,
ARMR,
ARNA,
ARNC,
AROC,
AROW,
ARPO,
ARQT,
ARR,
ARRY,
ARTL,
ARTW,
ARVN,
ARW,
ARWR,
ARYA,
ASA,
ASAN,
ASAQ,
ASB,
ASC,
ASEA,
ASET,
ASG,
ASGI,
ASGN,
ASH,
ASHR,
ASHS,
ASHX,
ASIX,
ASLE,
ASLN,
ASM,
ASMB,
ASML,
ASND,
ASO,
ASPL,
ASPN,
ASPS,
ASPU,
ASR,
ASRT,
ASRV,
ASTC,
ASTE,
ASUR,
ASX,
ASYS,
ATA,
ATAC,
ATAX,
ATCO,
ATCX,
ATEC,
ATEN,
ATEX,
ATGE,
ATH,
ATHA,
ATHE,
ATHM,
ATHX,
ATI,
ATIF,
ATKR,
ATLC,
ATLO,
ATMP,
ATNF,
ATNI,
ATNM,
ATNX,
ATO,
ATOM,
ATOS,
ATR,
ATRA,
ATRC,
ATRI,
ATRO,
ATRS,
ATSG,
ATTO,
ATUS,
ATV,
ATVI,
ATXI,
AUB,
AUBN,
AUDC,
AUGZ,
AUMN,
AUPH,
AUSF,
AUTL,
AUTO,
AUVI,
AUY,
AVA,
AVAL,
AVAN,
AVAV,
AVB,
AVCO,
AVCT,
AVD,
AVDE,
AVDG,
AVDL,
AVDR,
AVDV,
AVEM,
AVEO,
AVGO,
AVGR,
AVID,
AVIG,
AVIR,
AVK,
AVLR,
AVMU,
AVNS,
AVNT,
AVNW,
AVO,
AVRO,
AVSF,
AVT,
AVTR,
AVUS,
AVUV,
AVXL,
AVY,
AVYA,
AWAY,
AWF,
AWH,
AWI,
AWK,
AWP,
AWR,
AWRE,
AWTM,
AWX,
AXAS,
AXDX,
AXGN,
AXL,
AXLA,
AXNX,
AXO,
AXON,
AXP,
AXR,
AXS,
AXSM,
AXTA,
AXTI,
AXU,
AYI,
AYLA,
AYRO,
AYTU,
AYX,
AZAA,
AZAJ,
AZAL,
AZAO,
AZBA,
AZBJ,
AZBL,
AZBO,
AZEK,
AZN,
AZO,
AZPN,
AZRE,
AZRX,
AZUL,
AZYO,
AZZ,
BAB,
BABA,
BAC,
BAF,
BAH,
BAK,
BAL,
BALY,
BAM,
BAMH,
BAMI,
BANC,
BAND,
BANF,
BANR,
BANX,
BAP,
BAPR,
BAR,
BASI,
BATL,
BATT,
BAUG,
BAX,
BBAR,
BBAX,
BBBY,
BBC,
BBCA,
BBCP,
BBD,
BBDC,
BBDO,
BBEU,
BBF,
BBGI,
BBH,
BBI,
BBIG,
BBIN,
BBIO,
BBJP,
BBK,
BBL,
BBMC,
BBN,
BBP,
BBQ,
BBRE,
BBSA,
BBSC,
BBSI,
BBU,
BBUS,
BBVA,
BBW,
BBY,
BCAB,
BCAT,
BCBP,
BCC,
BCD,
BCDA,
BCE,
BCEI,
BCEL,
BCH,
BCI,
BCLI,
BCM,
BCML,
BCO,
BCOR,
BCOV,
BCOW,
BCPC,
BCRX,
BCS,
BCSF,
BCTG,
BCV,
BCX,
BCYC,
BDC,
BDCX,
BDCZ,
BDEC,
BDGE,
BDJ,
BDL,
BDN,
BDR,
BDRY,
BDSI,
BDSX,
BDTX,
BDX,
BDXB,
BEAM,
BEAT,
BECN,
BEDU,
BEEM,
BEKE,
BEN,
BENE,
BEP,
BEPC,
BERY,
BEST,
BETZ,
BFAM,
BFC,
BFEB,
BFI,
BFIN,
BFIT,
BFK,
BFOR,
BFRA,
BFS,
BFST,
BFT,
BFTR,
BFY,
BFZ,
BGB,
BGCP,
BGFV,
BGH,
BGI,
BGIO,
BGLD,
BGNE,
BGR,
BGRN,
BGS,
BGSF,
BGT,
BGX,
BGY,
BHAT,
BHB,
BHC,
BHE,
BHF,
BHK,
BHLB,
BHP,
BHR,
BHSE,
BHTG,
BHV,
BHVN,
BIB,
BIBL,
BICK,
BIDU,
BIF,
BIG,
BIGC,
BIIB,
BIL,
BILI,
BILL,
BILS,
BIMI,
BIO,
BIOC,
BIOL,
BIOX,
BIP,
BIPC,
BIS,
BIT,
BIV,
BIVI,
BIZD,
BJAN,
BJK,
BJRI,
BJUL,
BJUN,
BKAG,
BKCC,
BKD,
BKE,
BKEM,
BKEP,
BKF,
BKH,
BKHY,
BKI,
BKIE,
BKLC,
BKLN,
BKMC,
BKN,
BKNG,
BKR,
BKSB,
BKSC,
BKSE,
BKT,
BKTI,
BKU,
BKYI,
BLBD,
BLCM,
BLCN,
BLCT,
BLD,
BLDG,
BLDP,
BLDR,
BLE,
BLES,
BLFS,
BLHY,
BLI,
BLIN,
BLK,
BLKB,
BLL,
BLMN,
BLNK,
BLOK,
BLPH,
BLRX,
BLSA,
BLU,
BLUE,
BLV,
BLW,
BLX,
BMA,
BMAR,
BMAY,
BME,
BMED,
BMEZ,
BMI,
BMLP,
BMO,
BMRA,
BMRC,
BMRN,
BMTC,
BMTX,
BMY,
BND,
BNDC,
BNDW,
BNDX,
BNE,
BNED,
BNFT,
BNGO,
BNKD,
BNKU,
BNL,
BNO,
BNOV,
BNR,
BNS,
BNSO,
BNTC,
BNTX,
BNY,
BOAC,
BOB,
BOCH,
BOCT,
BOE,
BOH,
BOIL,
BOKF,
BOMN,
BOND,
BOOM,
BOOT,
BORR,
BOSC,
BOSS,
BOTJ,
BOTZ,
BOUT,
BOWX,
BOX,
BOXL,
BPFH,
BPMC,
BPMP,
BPOP,
BPRN,
BPT,
BPTH,
BPY,
BPYU,
BRBR,
BRBS,
BRC,
BREZ,
BRF,
BRFS,
BRG,
BRID,
BRKL,
BRKR,
BRKS,
BRLI,
BRMK,
BRN,
BRO,
BROG,
BRP,
BRPA,
BRQS,
BRT,
BRX,
BRY,
BRZU,
BSA,
BSAC,
BSAE,
BSBE,
BSBK,
BSBR,
BSCE,
BSCL,
BSCM,
BSCN,
BSCO,
BSCP,
BSCQ,
BSCR,
BSCS,
BSCT,
BSCU,
BSD,
BSDE,
BSE,
BSEP,
BSET,
BSGM,
BSIG,
BSJL,
BSJM,
BSJN,
BSJO,
BSJP,
BSJQ,
BSJR,
BSJS,
BSL,
BSM,
BSML,
BSMM,
BSMN,
BSMO,
BSMP,
BSMQ,
BSMR,
BSMS,
BSMT,
BSMU,
BSMX,
BSN,
BSQR,
BSRR,
BST,
BSTZ,
BSV,
BSVN,
BSX,
BSY,
BTA,
BTAI,
BTAL,
BTAQ,
BTBT,
BTEC,
BTEK,
BTG,
BTI,
BTN,
BTNB,
BTO,
BTRS,
BTT,
BTU,
BTWN,
BTZ,
BUD,
BUFD,
BUFF,
BUFR,
BUG,
BUI,
BUL,
BUR,
BURL,
BUSE,
BUYZ,
BVH,
BVN,
BVXV,
BWA,
BWAC,
BWAY,
BWB,
BWEN,
BWFG,
BWG,
BWMX,
BWX,
BWXT,
BWZ,
BXC,
BXG,
BXMT,
BXMX,
BXP,
BXRX,
BXS,
BYD,
BYFC,
BYLD,
BYM,
BYND,
BYSI,
BZH,
BZM,
BZQ,
BZUN,
CAAP,
CAAS,
CABA,
CABO,
CAC,
CACC,
CACG,
CACI,
CADE,
CAE,
CAF,
CAG,
CAH,
CAI,
CAJ,
CAKE,
CAL,
CALA,
CALB,
CALF,
CALM,
CALT,
CALX,
CAMP,
CAMT,
CAN,
CANE,
CANF,
CANG,
CAP,
CAPA,
CAPE,
CAPL,
CAPR,
CAR,
CARA,
CARE,
CARG,
CARR,
CARS,
CARV,
CARZ,
CAS,
CASA,
CASH,
CASI,
CASS,
CASY,
CAT,
CATB,
CATC,
CATH,
CATM,
CATO,
CATY,
CBAN,
CBAT,
CBAY,
CBB,
CBD,
CBFV,
CBH,
CBIO,
CBLI,
CBLS,
CBMB,
CBMG,
CBNK,
CBOE,
CBON,
CBPO,
CBRE,
CBRL,
CBSE,
CBSH,
CBT,
CBTG,
CBTX,
CBU,
CBZ,
CCAC,
CCAP,
CCB,
CCBG,
CCC,
CCCC,
CCD,
CCEP,
CCF,
CCI,
CCIV,
CCJ,
CCK,
CCL,
CCLP,
CCM,
CCMP,
CCNC,
CCNE,
CCO,
CCOI,
CCON,
CCOR,
CCRC,
CCRN,
CCRV,
CCS,
CCU,
CCX,
CCXI,
CCZ,
CDAK,
CDAY,
CDC,
CDE,
CDEV,
CDK,
CDL,
CDLX,
CDMO,
CDNA,
CDNS,
CDOR,
CDR,
CDTX,
CDW,
CDXC,
CDXS,
CDZI,
CEA,
CECE,
CEE,
CEF,
CEFA,
CEFD,
CEFS,
CEI,
CEIX,
CEL,
CELC,
CELH,
CELP,
CEM,
CEMB,
CEMI,
CEN,
CENT,
CENX,
CEO,
CEPU,
CEQP,
CERC,
CERE,
CERN,
CERS,
CERT,
CET,
CETX,
CEV,
CEVA,
CEW,
CEY,
CEZ,
CFA,
CFAC,
CFB,
CFBK,
CFCV,
CFFI,
CFFN,
CFG,
CFII,
CFMS,
CFO,
CFR,
CFRX,
CFX,
CFXA,
CGA,
CGBD,
CGC,
CGEM,
CGEN,
CGIX,
CGNX,
CGO,
CGRO,
CGW,
CHAD,
CHAQ,
CHAU,
CHB,
CHCI,
CHCO,
CHCT,
CHD,
CHDN,
CHE,
CHEF,
CHEK,
CHFS,
CHFW,
CHGG,
CHGX,
CHH,
CHI,
CHIC,
CHIE,
CHIH,
CHII,
CHIK,
CHIL,
CHIM,
CHIQ,
CHIR,
CHIS,
CHIU,
CHIX,
CHKP,
CHMA,
CHMG,
CHMI,
CHN,
CHNA,
CHNG,
CHNR,
CHPM,
CHRA,
CHRS,
CHRW,
CHS,
CHT,
CHTR,
CHUY,
CHW,
CHWY,
CHX,
CHY,
CIA,
CIB,
CIBR,
CID,
CIDM,
CIEN,
CIF,
CIG,
CIGI,
CIH,
CII,
CIIC,
CIK,
CIL,
CIM,
CINF,
CINR,
CIO,
CIR,
CIT,
CIVB,
CIX,
CIXX,
CIZ,
CIZN,
CJJD,
CKH,
CKPT,
CKX,
CLA,
CLAR,
CLB,
CLBK,
CLBS,
CLCT,
CLDB,
CLDL,
CLDR,
CLDS,
CLDT,
CLDX,
CLEU,
CLF,
CLFD,
CLGN,
CLGX,
CLH,
CLI,
CLII,
CLIR,
CLIX,
CLLS,
CLM,
CLMT,
CLNC,
CLNE,
CLNN,
CLNY,
CLOU,
CLOV,
CLPR,
CLPS,
CLPT,
CLR,
CLRB,
CLRG,
CLRO,
CLS,
CLSD,
CLSK,
CLSN,
CLTL,
CLVR,
CLVS,
CLW,
CLWT,
CLX,
CLXT,
CMA,
CMBM,
CMBS,
CMC,
CMCL,
CMCM,
CMCO,
CMCT,
CMD,
CMDY,
CME,
CMF,
CMG,
CMI,
CMLF,
CMLS,
CMO,
CMP,
CMPI,
CMPR,
CMPS,
CMRE,
CMRX,
CMS,
CMSA,
CMSC,
CMSD,
CMT,
CMTL,
CMU,
CNA,
CNBS,
CNC,
CNCE,
CNCR,
CND,
CNDT,
CNET,
CNF,
CNFR,
CNHI,
CNI,
CNK,
CNMD,
CNNB,
CNNE,
CNO,
CNOB,
CNP,
CNQ,
CNR,
CNRG,
CNS,
CNSL,
CNSP,
CNST,
CNTG,
CNTY,
CNX,
CNXC,
CNXN,
CNXT,
CNYA,
COCP,
CODA,
CODI,
CODX,
COE,
COF,
COFS,
COG,
COGT,
COHN,
COHR,
COHU,
COKE,
COLB,
COLD,
COLL,
COLM,
COM,
COMB,
COMM,
COMS,
COMT,
CONE,
CONN,
CONX,
COO,
COOP,
COP,
COPX,
COR,
CORE,
CORN,
CORP,
CORR,
CORT,
COST,
COTY,
COUP,
COW,
COWN,
COWZ,
CPA,
CPAC,
CPAH,
CPB,
CPE,
CPER,
CPF,
CPG,
CPHC,
CPHI,
CPI,
CPIX,
CPK,
CPLG,
CPLP,
CPRI,
CPRT,
CPRX,
CPS,
CPSH,
CPSI,
CPSR,
CPSS,
CPST,
CPT,
CPTA,
CPZ,
CQP,
CQQQ,
CRAI,
CRAK,
CRBN,
CRBP,
CRC,
CRDF,
CREE,
CREG,
CREX,
CRF,
CRH,
CRHC,
CRHM,
CRI,
CRIS,
CRK,
CRKN,
CRL,
CRM,
CRMD,
CRMT,
CRNC,
CRNT,
CRNX,
CROC,
CRON,
CROX,
CRS,
CRSA,
CRSP,
CRSR,
CRT,
CRTD,
CRTO,
CRTX,
CRUS,
CRVL,
CRVS,
CRWD,
CRWS,
CRY,
CSA,
CSB,
CSBR,
CSCO,
CSCW,
CSD,
CSF,
CSGP,
CSGS,
CSII,
CSIQ,
CSL,
CSLT,
CSM,
CSML,
CSOD,
CSPI,
CSPR,
CSQ,
CSR,
CSSE,
CSTE,
CSTL,
CSTM,
CSTR,
CSU,
CSV,
CSWC,
CSWI,
CSX,
CTAA,
CTAC,
CTAS,
CTB,
CTBB,
CTBI,
CTDD,
CTEC,
CTEK,
CTG,
CTHR,
CTIB,
CTIC,
CTK,
CTLT,
CTMX,
CTO,
CTR,
CTRA,
CTRE,
CTRM,
CTRN,
CTS,
CTSH,
CTSO,
CTT,
CTVA,
CTXR,
CTXS,
CUB,
CUBA,
CUBB,
CUBE,
CUBI,
CUE,
CUK,
CULP,
CURE,
CURI,
CURO,
CUT,
CUTR,
CUZ,
CVA,
CVAC,
CVBF,
CVCO,
CVCY,
CVE,
CVEO,
CVET,
CVGI,
CVGW,
CVI,
CVLB,
CVLG,
CVLT,
CVLY,
CVM,
CVNA,
CVR,
CVS,
CVU,
CVV,
CVX,
CVY,
CWB,
CWBC,
CWBR,
CWCO,
CWEB,
CWEN,
CWH,
CWI,
CWK,
CWS,
CWST,
CWT,
CXDC,
CXDO,
CXE,
CXH,
CXP,
CXSE,
CXW,
CYAD,
CYAN,
CYB,
CYBE,
CYBR,
CYCC,
CYCN,
CYD,
CYH,
CYRN,
CYRX,
CYTH,
CYTK,
CZA,
CZNC,
CZR,
CZWI,
CZZ,
DAC,
DADA,
DAIO,
DAKT,
DAL,
DALI,
DALT,
DAN,
DAO,
DAR,
DARE,
DASH,
DAUG,
DAVA,
DAX,
DBA,
DBAW,
DBB,
DBC,
DBD,
DBDR,
DBE,
DBEF,
DBEH,
DBEM,
DBEU,
DBEZ,
DBGR,
DBI,
DBJA,
DBJP,
DBL,
DBLV,
DBMF,
DBO,
DBOC,
DBP,
DBS,
DBV,
DBVT,
DBX,
DCBO,
DCF,
DCI,
DCO,
DCOM,
DCP,
DCPH,
DCRB,
DCT,
DCTH,
DCUE,
DDD,
DDEC,
DDF,
DDG,
DDIV,
DDLS,
DDM,
DDMX,
DDOG,
DDS,
DDT,
DDWM,
DEA,
DECK,
DECZ,
DEED,
DEEF,
DEEP,
DEF,
DEFA,
DEFN,
DEH,
DEI,
DELL,
DEM,
DEMZ,
DEN,
DENN,
DEO,
DES,
DESP,
DEUS,
DEW,
DEX,
DFAE,
DFAI,
DFAU,
DFE,
DFEB,
DFEN,
DFFN,
DFH,
DFHT,
DFHY,
DFIN,
DFJ,
DFND,
DFNL,
DFNS,
DFNV,
DFP,
DFPH,
DFS,
DFVL,
DFVS,
DGII,
DGL,
DGLY,
DGNR,
DGNS,
DGP,
DGRE,
DGRO,
DGRS,
DGRW,
DGS,
DGT,
DGX,
DGZ,
DHC,
DHF,
DHI,
DHIL,
DHR,
DHS,
DHT,
DHX,
DHY,
DIA,
DIAL,
DIAX,
DIG,
DIM,
DIN,
DINT,
DIOD,
DIS,
DISH,
DIT,
DIV,
DIVA,
DIVB,
DIVO,
DIVZ,
DJAN,
DJCB,
DJCO,
DJD,
DJP,
DJUL,
DJUN,
DKL,
DKNG,
DKS,
DLA,
DLB,
DLHC,
DLN,
DLNG,
DLPN,
DLR,
DLS,
DLTH,
DLTR,
DLX,
DLY,
DMAC,
DMAY,
DMB,
DMDV,
DMF,
DMLP,
DMO,
DMRC,
DMRE,
DMRI,
DMRL,
DMRM,
DMRS,
DMS,
DMTK,
DMXF,
DMYD,
DMYI,
DNB,
DNK,
DNL,
DNLI,
DNMR,
DNN,
DNOV,
DNOW,
DNP,
DOC,
DOCT,
DOCU,
DOG,
DOGZ,
DOL,
DOMO,
DON,
DOO,
DOOO,
DOOR,
DORM,
DOV,
DOW,
DOX,
DOYU,
DPG,
DPST,
DPW,
DPZ,
DRD,
DRE,
DRH,
DRI,
DRIO,
DRIP,
DRIV,
DRN,
DRNA,
DRQ,
DRRX,
DRSK,
DRTT,
DRUA,
DRV,
DRVN,
DRW,
DSAC,
DSE,
DSEP,
DSGX,
DSI,
DSJA,
DSKE,
DSL,
DSM,
DSOC,
DSPG,
DSS,
DSSI,
DSTL,
DSTX,
DSU,
DSWL,
DSX,
DTB,
DTD,
DTE,
DTEA,
DTEC,
DTF,
DTH,
DTIL,
DTJ,
DTN,
DTP,
DTSS,
DTW,
DTY,
DUC,
DUDE,
DUG,
DUK,
DUKB,
DUKH,
DUO,
DUOT,
DURA,
DUSA,
DUSL,
DUST,
DVA,
DVAX,
DVD,
DVLU,
DVN,
DVOL,
DVY,
DVYA,
DVYE,
DWAS,
DWAT,
DWAW,
DWCR,
DWEQ,
DWFI,
DWIN,
DWLD,
DWM,
DWMC,
DWMF,
DWPP,
DWSH,
DWSN,
DWUS,
DWX,
DXC,
DXCM,
DXD,
DXF,
DXGE,
DXJ,
DXJS,
DXPE,
DXR,
DXYN,
DYAI,
DYFN,
DYHG,
DYN,
DYNF,
DYNT,
DZSI,
DZZ,
EAD,
EAF,
EAGG,
EAI,
EAOA,
EAOK,
EAOM,
EAOR,
EAR,
EARN,
EARS,
EASG,
EAST,
EAT,
EBAY,
EBC,
EBF,
EBIX,
EBIZ,
EBLU,
EBMT,
EBND,
EBON,
EBR,
EBS,
EBSB,
EBTC,
ECC,
ECCB,
ECCX,
ECCY,
ECF,
ECH,
ECHO,
ECL,
ECLN,
ECNS,
ECOL,
ECOM,
ECON,
ECOR,
ECOW,
ECOZ,
ECPG,
EDAP,
EDC,
EDD,
EDEN,
EDF,
EDI,
EDIT,
EDIV,
EDN,
EDOC,
EDOG,
EDOW,
EDRY,
EDSA,
EDTK,
EDU,
EDUC,
EDUT,
EDV,
EDZ,
EEA,
EEFT,
EEH,
EELV,
EEM,
EEMA,
EEMD,
EEMO,
EEMS,
EEMV,
EEMX,
EES,
EET,
EEV,
EEX,
EFA,
EFAD,
EFAS,
EFAV,
EFAX,
EFC,
EFF,
EFG,
EFIV,
EFL,
EFNL,
EFO,
EFOI,
EFR,
EFSC,
EFT,
EFU,
EFV,
EFX,
EFZ,
EGAN,
EGBN,
EGF,
EGHT,
EGIS,
EGLE,
EGO,
EGOV,
EGP,
EGPT,
EGRX,
EGY,
EHC,
EHI,
EHT,
EHTH,
EIC,
EIDO,
EIG,
EIGI,
EIGR,
EIM,
EINC,
EIRL,
EIS,
EIX,
EJAN,
EJUL,
EKAR,
EKSO,
ELA,
ELAN,
ELAT,
ELC,
ELD,
ELDN,
ELF,
ELLO,
ELMD,
ELOX,
ELP,
ELS,
ELSE,
ELTK,
ELVT,
ELY,
ELYS,
EMAG,
EMAN,
EMB,
EMBD,
EMBH,
EMCB,
EMCF,
EMD,
EMDV,
EME,
EMF,
EMFM,
EMGF,
EMHY,
EMIF,
EMKR,
EML,
EMLC,
EMLP,
EMMF,
EMN,
EMNT,
EMO,
EMP,
EMPW,
EMQQ,
EMR,
EMSG,
EMSH,
EMTL,
EMTY,
EMX,
EMXC,
EMXF,
ENB,
ENBA,
ENBL,
ENDP,
ENFR,
ENG,
ENIA,
ENIC,
ENJ,
ENLC,
ENLV,
ENO,
ENOB,
ENOR,
ENPC,
ENPH,
ENR,
ENS,
ENSG,
ENSV,
ENTA,
ENTG,
ENTR,
ENTX,
ENV,
ENVA,
ENVB,
ENX,
ENZ,
ENZL,
EOD,
EOG,
EOI,
EOLS,
EOS,
EOSE,
EOT,
EPAC,
EPAM,
EPAY,
EPC,
EPD,
EPHE,
EPI,
EPIX,
EPM,
EPOL,
EPP,
EPR,
EPRF,
EPRT,
EPS,
EPSN,
EPU,
EPV,
EPZM,
EQAL,
EQBK,
EQC,
EQD,
EQH,
EQIX,
EQL,
EQNR,
EQOP,
EQOS,
EQR,
EQRR,
EQS,
EQT,
EQWL,
EQX,
ERC,
ERES,
ERF,
ERH,
ERIC,
ERIE,
ERII,
ERJ,
ERM,
ERSX,
ERUS,
ERX,
ERY,
ERYP,
ESBA,
ESBK,
ESCA,
ESCR,
ESE,
ESEA,
ESEB,
ESG,
ESGA,
ESGC,
ESGD,
ESGE,
ESGG,
ESGN,
ESGR,
ESGS,
ESGU,
ESGV,
ESHY,
ESI,
ESLT,
ESML,
ESNG,
ESNT,
ESP,
ESPO,
ESPR,
ESQ,
ESRT,
ESS,
ESSA,
ESSC,
ESTA,
ESTC,
ESTE,
ESXB,
ETAC,
ETB,
ETG,
ETH,
ETHO,
ETJ,
ETM,
ETN,
ETNB,
ETO,
ETON,
ETR,
ETRN,
ETSY,
ETTX,
ETV,
ETW,
ETX,
ETY,
EUCG,
EUCR,
EUDG,
EUDV,
EUFN,
EUFX,
EUM,
EUO,
EURL,
EURN,
EURZ,
EUSA,
EUSB,
EUSC,
EVA,
EVBG,
EVBN,
EVC,
EVER,
EVF,
EVFM,
EVG,
EVGN,
EVH,
EVI,
EVK,
EVLO,
EVM,
EVN,
EVOK,
EVOL,
EVOP,
EVR,
EVRG,
EVRI,
EVT,
EVTC,
EVV,
EVX,
EVY,
EWA,
EWBC,
EWC,
EWCO,
EWD,
EWEB,
EWG,
EWGS,
EWH,
EWI,
EWJ,
EWJE,
EWJV,
EWK,
EWL,
EWM,
EWMC,
EWN,
EWO,
EWP,
EWQ,
EWRE,
EWS,
EWSC,
EWT,
EWU,
EWUS,
EWV,
EWW,
EWX,
EWY,
EWZ,
EWZS,
EXAS,
EXC,
EXD,
EXEL,
EXFO,
EXG,
EXI,
EXK,
EXLS,
EXN,
EXP,
EXPC,
EXPD,
EXPE,
EXPI,
EXPO,
EXPR,
EXR,
EXTN,
EXTR,
EYE,
EYEG,
EYEN,
EYES,
EYLD,
EYPT,
EZA,
EZGO,
EZJ,
EZM,
EZPW,
EZU,
FAAR,
FAB,
FAD,
FAF,
FAII,
FALN,
FAM,
FAMI,
FAN,
FANG,
FANH,
FARM,
FARO,
FAS,
FAST,
FAT,
FATE,
FAUG,
FAX,
FAZ,
FBC,
FBCG,
FBCV,
FBGX,
FBHS,
FBIO,
FBIZ,
FBK,
FBMS,
FBNC,
FBND,
FBP,
FBRX,
FBSS,
FBT,
FBZ,
FCA,
FCAC,
FCAL,
FCAP,
FCBC,
FCBP,
FCCO,
FCCY,
FCEF,
FCEL,
FCF,
FCFS,
FCG,
FCN,
FCO,
FCOM,
FCOR,
FCPI,
FCPT,
FCRD,
FCRW,
FCRZ,
FCT,
FCTR,
FCVT,
FCX,
FDBC,
FDD,
FDEC,
FDEM,
FDEU,
FDEV,
FDG,
FDHY,
FDIS,
FDIV,
FDL,
FDLO,
FDM,
FDMO,
FDMT,
FDN,
FDNI,
FDP,
FDRR,
FDS,
FDT,
FDTS,
FDUS,
FDVV,
FDX,
FEDU,
FEDX,
FEI,
FEIM,
FELE,
FEM,
FEMB,
FEMS,
FEN,
FENC,
FENG,
FENY,
FEO,
FEP,
FET,
FEUL,
FEUZ,
FEVR,
FEX,
FEYE,
FEZ,
FFA,
FFBC,
FFBW,
FFC,
FFEB,
FFG,
FFHG,
FFHL,
FFIC,
FFIN,
FFIU,
FFIV,
FFNW,
FFR,
FFSG,
FFTG,
FFTI,
FFTY,
FFWM,
FGB,
FGBI,
FGD,
FGEN,
FGF,
FGM,
FGNA,
FHB,
FHI,
FHLC,
FHN,
FHTX,
FIBK,
FIBR,
FICO,
FICS,
FID,
FIDI,
FIDU,
FIEE,
FIF,
FIHD,
FIII,
FILL,
FINS,
FINV,
FINX,
FIS,
FISI,
FISK,
FISR,
FISV,
FIT,
FITB,
FITE,
FIV,
FIVA,
FIVE,
FIVG,
FIVN,
FIW,
FIX,
FIXD,
FIXX,
FIZZ,
FJAN,
FJNK,
FJP,
FJUL,
FJUN,
FKU,
FLAU,
FLAX,
FLBL,
FLBR,
FLC,
FLCA,
FLCB,
FLCH,
FLCO,
FLDM,
FLDR,
FLEE,
FLEH,
FLEX,
FLFR,
FLGB,
FLGE,
FLGR,
FLGT,
FLGV,
FLHK,
FLHY,
FLIA,
FLIC,
FLIN,
FLIR,
FLIY,
FLJH,
FLJP,
FLKR,
FLL,
FLLA,
FLLV,
FLM,
FLMB,
FLMI,
FLMN,
FLMX,
FLN,
FLNG,
FLNT,
FLO,
FLOT,
FLOW,
FLQD,
FLQE,
FLQG,
FLQH,
FLQL,
FLQM,
FLQS,
FLR,
FLRG,
FLRN,
FLRT,
FLRU,
FLS,
FLSA,
FLSP,
FLSW,
FLT,
FLTB,
FLTR,
FLTW,
FLUD,
FLUX,
FLV,
FLWS,
FLXN,
FLXS,
FLY,
FLYT,
FLZA,
FMAC,
FMAO,
FMAT,
FMAY,
FMB,
FMBH,
FMBI,
FMC,
FMF,
FMHI,
FMIL,
FMN,
FMNB,
FMO,
FMS,
FMTX,
FMX,
FMY,
FNB,
FNCB,
FNCL,
FND,
FNDA,
FNDB,
FNDC,
FNDE,
FNDF,
FNDX,
FNF,
FNGD,
FNGO,
FNGS,
FNGU,
FNGZ,
FNHC,
FNI,
FNK,
FNKO,
FNLC,
FNOV,
FNV,
FNWB,
FNX,
FNY,
FOCS,
FOCT,
FOE,
FOF,
FOLD,
FONR,
FOR,
FORD,
FORM,
FORR,
FOSL,
FOUR,
FOVL,
FOX,
FOXA,
FOXF,
FPA,
FPAC,
FPAY,
FPE,
FPEI,
FPF,
FPH,
FPI,
FPL,
FPRX,
FPX,
FPXE,
FPXI,
FQAL,
FRA,
FRAF,
FRAK,
FRBA,
FRBK,
FRC,
FRD,
FRDM,
FREE,
FREL,
FREQ,
FRG,
FRGI,
FRHC,
FRI,
FRLG,
FRLN,
FRME,
FRO,
FROG,
FRPH,
FRPT,
FRSX,
FRT,
FRTA,
FRX,
FSBW,
FSD,
FSDC,
FSEA,
FSEP,
FSFG,
FSI,
FSK,
FSKR,
FSLF,
FSLR,
FSLY,
FSM,
FSMB,
FSMD,
FSP,
FSR,
FSRV,
FSS,
FST,
FSTA,
FSTR,
FSTX,
FSV,
FSZ,
FTA,
FTAG,
FTAI,
FTC,
FTCH,
FTCS,
FTCV,
FTDR,
FTEC,
FTEK,
FTF,
FTFT,
FTGC,
FTHI,
FTHM,
FTHY,
FTI,
FTIV,
FTK,
FTLB,
FTLS,
FTNT,
FTOC,
FTRI,
FTS,
FTSD,
FTSI,
FTSL,
FTSM,
FTV,
FTXD,
FTXG,
FTXH,
FTXL,
FTXN,
FTXO,
FTXR,
FUBO,
FUE,
FUL,
FULC,
FULT,
FUMB,
FUN,
FUNC,
FUND,
FUNL,
FURY,
FUSB,
FUSE,
FUSN,
FUT,
FUTU,
FUTY,
FUV,
FVAL,
FVAM,
FVC,
FVCB,
FVD,
FVE,
FVRR,
FWDB,
FWP,
FWRD,
FXA,
FXB,
FXC,
FXD,
FXE,
FXF,
FXG,
FXH,
FXI,
FXL,
FXN,
FXO,
FXP,
FXR,
FXU,
FXY,
FXZ,
FYC,
FYLD,
FYT,
FYX,
GAA,
GAB,
GABC,
GAIA,
GAIN,
GAL,
GALT,
GAM,
GAMR,
GAN,
GASS,
GATO,
GATX,
GAU,
GAZ,
GBAB,
GBCI,
GBDC,
GBDV,
GBF,
GBGR,
GBIL,
GBIO,
GBL,
GBLI,
GBLO,
GBNY,
GBR,
GBS,
GBT,
GBUG,
GBX,
GCBC,
GCC,
GCEC,
GCI,
GCMG,
GCO,
GCOR,
GCOW,
GCP,
GCV,
GDDY,
GDEN,
GDL,
GDMA,
GDO,
GDOT,
GDP,
GDRX,
GDS,
GDV,
GDX,
GDXD,
GDXJ,
GDXU,
GDYN,
GECC,
GEF,
GEG,
GEL,
GEM,
GEN,
GENC,
GENE,
GENY,
GEO,
GEOS,
GER,
GERM,
GERN,
GES,
GEVO,
GFED,
GFF,
GFI,
GFL,
GFLU,
GFN,
GGAL,
GGB,
GGG,
GGM,
GGN,
GGO,
GGT,
GGZ,
GHC,
GHG,
GHL,
GHLD,
GHM,
GHSI,
GHY,
GHYB,
GHYG,
GIB,
GIFI,
GIGB,
GIGE,
GIGM,
GII,
GIII,
GIK,
GIL,
GILD,
GILT,
GIM,
GINN,
GIS,
GIX,
GJH,
GJO,
GJP,
GJR,
GJS,
GJT,
GKOS,
GLAD,
GLBS,
GLBZ,
GLCN,
GLD,
GLDD,
GLDG,
GLDI,
GLDM,
GLEO,
GLG,
GLIF,
GLIN,
GLL,
GLMD,
GLNG,
GLO,
GLOB,
GLOG,
GLOP,
GLP,
GLPG,
GLPI,
GLQ,
GLRE,
GLRY,
GLSI,
GLT,
GLTO,
GLTR,
GLU,
GLUU,
GLV,
GLW,
GLYC,
GMAB,
GMBL,
GMDA,
GME,
GMED,
GMF,
GMLP,
GMOM,
GMRE,
GMS,
GMTA,
GNAF,
GNCA,
GNE,
GNFT,
GNK,
GNL,
GNLN,
GNMA,
GNMK,
GNOG,
GNOM,
GNPK,
GNPX,
GNR,
GNRC,
GNRS,
GNSS,
GNT,
GNTX,
GNTY,
GNUS,
GNW,
GOAC,
GOAT,
GOAU,
GOCO,
GOED,
GOEV,
GOEX,
GOF,
GOGL,
GOGO,
GOL,
GOLD,
GOLF,
GOOD,
GOOG,
GOOS,
GORO,
GOSS,
GOVT,
GOVX,
GOVZ,
GPC,
GPI,
GPJA,
GPK,
GPL,
GPM,
GPMT,
GPN,
GPP,
GPRE,
GPRK,
GPRO,
GPS,
GPX,
GQRE,
GRA,
GRAY,
GRBK,
GRC,
GRCL,
GRCY,
GREK,
GRES,
GRF,
GRFS,
GRID,
GRIL,
GRIN,
GRMN,
GRN,
GRNB,
GRNQ,
GRNV,
GROW,
GRPN,
GRSV,
GRTS,
GRTX,
GRU,
GRUB,
GRVY,
GRWG,
GRX,
GSAH,
GSAT,
GSBC,
GSBD,
GSCE,
GSEE,
GSEU,
GSEW,
GSG,
GSHD,
GSID,
GSIE,
GSIG,
GSIT,
GSJY,
GSK,
GSKY,
GSL,
GSLC,
GSLD,
GSM,
GSMG,
GSP,
GSPY,
GSS,
GSSC,
GSST,
GSUM,
GSUS,
GSV,
GSX,
GSY,
GTE,
GTEC,
GTES,
GTH,
GTHX,
GTIM,
GTIP,
GTLS,
GTN,
GTO,
GTS,
GTT,
GTY,
GTYH,
GUNR,
GURE,
GURU,
GUSH,
GUT,
GVA,
GVAL,
GVI,
GVIP,
GVP,
GWAC,
GWB,
GWGH,
GWPH,
GWRE,
GWRS,
GWW,
GWX,
GXC,
GXF,
GXG,
GXGX,
GXTG,
GYC,
GYLD,
GYRO,
HAAC,
HACK,
HAE,
HAFC,
HAIL,
HAIN,
HAL,
HALL,
HALO,
HAP,
HAPP,
HARP,
HART,
HAS,
HASI,
HAUZ,
HAWX,
HAYN,
HBAN,
HBB,
HBCP,
HBI,
HBIO,
HBM,
HBMD,
HBNC,
HBP,
HBT,
HCA,
HCAP,
HCAQ,
HCAR,
HCAT,
HCC,
HCCI,
HCDI,
HCHC,
HCI,
HCKT,
HCM,
HCRB,
HCSG,
HCXY,
HCXZ,
HDAW,
HDB,
HDEF,
HDG,
HDGE,
HDIV,
HDLB,
HDMV,
HDSN,
HDV,
HEAR,
HEC,
HEDJ,
HEEM,
HEES,
HEFA,
HEGD,
HEI,
HELE,
HELX,
HEP,
HEPA,
HEQ,
HERD,
HERO,
HES,
HESM,
HEWC,
HEWG,
HEWJ,
HEWU,
HEWW,
HEXO,
HEZU,
HFBL,
HFC,
HFEN,
HFFG,
HFRO,
HFWA,
HFXI,
HGBL,
HGEN,
HGH,
HGLB,
HGSH,
HGV,
HHC,
HHR,
HIBB,
HIBL,
HIBS,
HIE,
HIFS,
HIG,
HIGA,
HIHO,
HII,
HIL,
HIMS,
HIMX,
HIO,
HIPR,
HIPS,
HIW,
HIX,
HJLI,
HJPX,
HKIB,
HLAL,
HLF,
HLG,
HLI,
HLIO,
HLIT,
HLNE,
HLT,
HLX,
HLXA,
HMC,
HMCO,
HMG,
HMHC,
HMI,
HMLP,
HMN,
HMNF,
HMOP,
HMPT,
HMST,
HMSY,
HMTV,
HMY,
HNDL,
HNGR,
HNI,
HNNA,
HNP,
HNRG,
HNW,
HOFT,
HOFV,
HOG,
HOL,
HOLD,
HOLI,
HOLX,
HOMB,
HOME,
HOMZ,
HON,
HONE,
HOOK,
HOPE,
HOTH,
HOV,
HPE,
HPF,
HPI,
HPK,
HPP,
HPQ,
HPR,
HPS,
HPX,
HQH,
HQI,
HQL,
HQY,
HRB,
HRC,
HRI,
HRL,
HRMY,
HROW,
HRTG,
HRTX,
HRZN,
HSAQ,
HSBC,
HSC,
HSCZ,
HSDT,
HSIC,
HSII,
HSKA,
HSMV,
HSON,
HSRT,
HST,
HSTM,
HSTO,
HSY,
HTA,
HTAB,
HTBI,
HTBK,
HTBX,
HTD,
HTFA,
HTGC,
HTGM,
HTH,
HTHT,
HTIA,
HTLD,
HTLF,
HTOO,
HTPA,
HTRB,
HTUS,
HTY,
HUBB,
HUBG,
HUBS,
HUDI,
HUGE,
HUIZ,
HUM,
HUN,
HURC,
HURN,
HUSA,
HUSN,
HUSV,
HUYA,
HVBC,
HVT,
HWBK,
HWC,
HWCC,
HWKN,
HWM,
HXL,
HYB,
HYBB,
HYD,
HYDB,
HYDW,
HYEM,
HYFM,
HYG,
HYGH,
HYGV,
HYHG,
HYI,
HYLB,
HYLD,
HYLN,
HYLS,
HYLV,
HYMB,
HYMC,
HYRE,
HYS,
HYT,
HYTR,
HYUP,
HYXF,
HYXU,
HYZD,
HZAC,
HZN,
HZNP,
HZO,
HZON,
IAA,
IAC,
IACA,
IAE,
IAF,
IAG,
IAGG,
IAI,
IAK,
IART,
IAT,
IAU,
IAUF,
IBA,
IBB,
IBBJ,
IBCE,
IBCP,
IBD,
IBDD,
IBDM,
IBDN,
IBDO,
IBDP,
IBDQ,
IBDR,
IBDS,
IBDT,
IBDU,
IBDV,
IBEX,
IBHA,
IBHB,
IBHC,
IBHD,
IBHE,
IBHF,
IBIO,
IBKR,
IBM,
IBMJ,
IBMK,
IBML,
IBMM,
IBMN,
IBMO,
IBMP,
IBMQ,
IBN,
IBND,
IBOC,
IBP,
IBTA,
IBTB,
IBTD,
IBTE,
IBTF,
IBTG,
IBTH,
IBTI,
IBTJ,
IBTK,
IBTX,
IBUY,
ICAD,
ICBK,
ICCC,
ICCH,
ICD,
ICE,
ICF,
ICFI,
ICHR,
ICL,
ICLK,
ICLN,
ICLR,
ICMB,
ICOL,
ICON,
ICOW,
ICPT,
ICSH,
ICUI,
ICVT,
IDA,
IDCC,
IDE,
IDEV,
IDEX,
IDHD,
IDHQ,
IDIV,
IDLB,
IDLV,
IDMO,
IDN,
IDNA,
IDOG,
IDRA,
IDRV,
IDT,
IDU,
IDV,
IDX,
IDXG,
IDXX,
IDYA,
IEA,
IEC,
IECS,
IEDI,
IEF,
IEFA,
IEFN,
IEHS,
IEI,
IEIH,
IEME,
IEMG,
IEO,
IEP,
IESC,
IETC,
IEUR,
IEUS,
IEV,
IEX,
IEZ,
IFF,
IFF*,
IFFT,
IFGL,
IFMK,
IFN,
IFRA,
IFRX,
IFS,
IFV,
IGA,
IGAC,
IGBH,
IGC,
IGD,
IGE,
IGEB,
IGF,
IGHG,
IGI,
IGIB,
IGIC,
IGLB,
IGM,
IGMS,
IGN,
IGOV,
IGR,
IGRO,
IGSB,
IGT,
IGV,
IHAK,
IHC,
IHD,
IHDG,
IHE,
IHF,
IHG,
IHI,
IHIT,
IHRT,
IHT,
IHTA,
IHY,
IHYF,
IIAC,
IID,
IIF,
IIGD,
IIGV,
III,
IIIN,
IIIV,
IIM,
IIN,
IIPR,
IIVI,
IJAN,
IJH,
IJJ,
IJK,
IJR,
IJS,
IJT,
IJUL,
IKNX,
IKT,
ILF,
ILMN,
ILPT,
ILTB,
IMAB,
IMAC,
IMAX,
IMBI,
IMGN,
IMH,
IMLP,
IMMP,
IMMR,
IMNM,
IMO,
IMOM,
IMOS,
IMPX,
IMRA,
IMRN,
IMTB,
IMTE,
IMTM,
IMTX,
IMUX,
IMV,
IMVT,
IMXI,
INAQ,
INBK,
INBX,
INCO,
INCY,
INDA,
INDB,
INDF,
INDL,
INDO,
INDS,
INDT,
INDY,
INFI,
INFL,
INFN,
INFO,
INFR,
INFU,
INFY,
ING,
INGN,
INGR,
INKM,
INM,
INMB,
INMD,
INN,
INO,
INOD,
INOV,
INPX,
INS,
INSE,
INSG,
INSI,
INSM,
INSP,
INSW,
INT,
INTC,
INTF,
INTG,
INTT,
INTU,
INTZ,
INUV,
INVA,
INVE,
INVH,
INVO,
INZY,
IONS,
IOO,
IOR,
IOSP,
IOVA,
IPA,
IPAC,
IPAR,
IPAY,
IPB,
IPDN,
IPFF,
IPG,
IPGP,
IPHA,
IPHI,
IPI,
IPKW,
IPO,
IPOD,
IPOE,
IPOF,
IPOS,
IPV,
IPWR,
IQDE,
IQDF,
IQDG,
IQDY,
IQI,
IQIN,
IQLT,
IQM,
IQSI,
IQSU,
IQV,
IRBO,
IRBT,
IRCP,
IRDM,
IRIX,
IRL,
IRM,
IRMD,
IROQ,
IRR,
IRS,
IRT,
IRTC,
IRWD,
ISBC,
ISCF,
ISD,
ISDR,
ISDX,
ISEE,
ISEM,
ISHG,
ISIG,
ISMD,
ISNS,
ISR,
ISRA,
ISRG,
ISSC,
ISTB,
ISTR,
ISUN,
ISWN,
ISZE,
ITA,
ITAC,
ITB,
ITCB,
ITCI,
ITEQ,
ITGR,
ITI,
ITIC,
ITM,
ITMR,
ITOS,
ITOT,
ITP,
ITRG,
ITRI,
ITRM,
ITRN,
ITT,
ITUB,
ITW,
IUS,
IUSB,
IUSG,
IUSS,
IUSV,
IVA,
IVAC,
IVAL,
IVC,
IVDG,
IVE,
IVH,
IVLC,
IVLU,
IVOG,
IVOL,
IVOO,
IVOV,
IVR,
IVRA,
IVSG,
IVV,
IVW,
IVZ,
IWB,
IWC,
IWD,
IWF,
IWFH,
IWL,
IWM,
IWN,
IWO,
IWP,
IWR,
IWS,
IWV,
IWX,
IWY,
IXC,
IXG,
IXJ,
IXN,
IXP,
IXSE,
IXUS,
IYC,
IYE,
IYF,
IYG,
IYH,
IYJ,
IYK,
IYLD,
IYM,
IYR,
IYT,
IYW,
IYY,
IYZ,
IZEA,
IZRL,
JAAA,
JACK,
JAGG,
JAGX,
JAKK,
JAMF,
JAN,
JANZ,
JAX,
JAZZ,
JBGS,
JBHT,
JBK,
JBL,
JBLU,
JBSS,
JBT,
JCE,
JCI,
JCO,
JCOM,
JCPB,
JCS,
JCTR,
JDD,
JDIV,
JDST,
JEF,
JELD,
JEMD,
JEPI,
JEQ,
JETS,
JFIN,
JFR,
JFU,
JGH,
JGLD,
JHAA,
JHB,
JHCS,
JHEM,
JHG,
JHI,
JHMA,
JHMC,
JHMD,
JHME,
JHMF,
JHMH,
JHMI,
JHML,
JHMM,
JHMS,
JHMT,
JHMU,
JHS,
JHSC,
JHX,
JIG,
JIGB,
JIH,
JILL,
JJA,
JJC,
JJE,
JJG,
JJM,
JJN,
JJP,
JJS,
JJSF,
JJT,
JJU,
JKD,
JKE,
JKF,
JKG,
JKH,
JKHY,
JKI,
JKJ,
JKK,
JKL,
JKS,
JLL,
JLS,
JMBS,
JMIA,
JMIN,
JMM,
JMOM,
JMP,
JMST,
JMUB,
JNCE,
JNJ,
JNK,
JNPR,
JNUG,
JOB,
JOBS,
JOE,
JOET,
JOF,
JOUT,
JOYY,
JPC,
JPEM,
JPHY,
JPI,
JPIB,
JPIN,
JPM,
JPMB,
JPME,
JPN,
JPS,
JPSE,
JPST,
JPT,
JPUS,
JPXN,
JQC,
JQUA,
JRI,
JRJC,
JRO,
JRS,
JRSH,
JRVR,
JSD,
JSM,
JSMD,
JSML,
JSTC,
JTA,
JTD,
JULZ,
JUPW,
JUST,
JVA,
JVAL,
JWN,
JWS,
JXI,
JYAC,
JYNT,
KAI,
KALA,
KALL,
KALU,
KALV,
KAMN,
KAPR,
KAR,
KARS,
KBA,
KBAL,
KBE,
KBH,
KBNT,
KBR,
KBSF,
KBUY,
KBWB,
KBWD,
KBWP,
KBWR,
KBWY,
KCCB,
KCE,
KCNY,
KDFI,
KDMN,
KDNY,
KDP,
KEMQ,
KEMX,
KEN,
KEP,
KEQU,
KERN,
KESG,
KEX,
KEY,
KEYS,
KFFB,
KFRC,
KFS,
KFVG,
KFY,
KFYP,
KGC,
KGRN,
KHC,
KIDS,
KIE,
KIM,
KIN,
KINS,
KIO,
KIQ,
KIRK,
KJAN,
KJUL,
KKR,
KLAC,
KLCD,
KLDO,
KLDW,
KLIC,
KLR,
KLXE,
KMB,
KMDA,
KMED,
KMF,
KMI,
KMPH,
KMPR,
KMT,
KMX,
KNDI,
KNG,
KNGS,
KNL,
KNOP,
KNSA,
KNSL,
KNTE,
KNX,
KOCT,
KOD,
KODK,
KOF,
KOIN,
KOKU,
KOLD,
KOMP,
KOP,
KOPN,
KOR,
KORP,
KORU,
KOS,
KOSS,
KPTI,
KRA,
KRBN,
KRBP,
KRC,
KRE,
KREF,
KRG,
KRKR,
KRMA,
KRMD,
KRNT,
KRNY,
KRO,
KRON,
KROS,
KRP,
KRTX,
KRUS,
KRYS,
KSA,
KSCD,
KSM,
KSMT,
KSPN,
KSS,
KSTR,
KSU,
KTB,
KTCC,
KTF,
KTH,
KTN,
KTOS,
KTRA,
KUKE,
KURA,
KURE,
KVHI,
KVLE,
KWEB,
KWR,
KWT,
KXI,
KXIN,
KYMR,
KYN,
KZIA,
KZR,
LABD,
LABU,
LAC,
LACQ,
LAD,
LADR,
LAIX,
LAKE,
LAMR,
LANC,
LAND,
LARK,
LASR,
LATN,
LAUR,
LAWS,
LAZ,
LAZR,
LAZY,
LBAI,
LBAY,
LBC,
LBJ,
LBRT,
LCAP,
LCG,
LCI,
LCII,
LCNB,
LCR,
LCTX,
LCUT,
LCY,
LDEM,
LDL,
LDOS,
LDP,
LDRS,
LDSF,
LDUR,
LEA,
LEAD,
LEAF,
LEAP,
LECO,
LEDS,
LEE,
LEG,
LEGH,
LEGN,
LEGR,
LEJU,
LEMB,
LEN,
LEND,
LEO,
LESL,
LEU,
LEVI,
LEVL,
LEXX,
LFC,
LFEQ,
LFT,
LFTR,
LFUS,
LFVN,
LGH,
LGHL,
LGI,
LGIH,
LGL,
LGLV,
LGND,
LGOV,
LGVW,
LHCG,
LHX,
LIFE,
LII,
LILA,
LIN,
LINC,
LIND,
LINX,
LIQT,
LIT,
LITB,
LITE,
LIV,
LIVE,
LIVK,
LIVN,
LIVX,
LIXT,
LIZI,
LJPC,
LKCO,
LKFN,
LKOR,
LKQ,
LLIT,
LLNW,
LLY,
LMAT,
LMB,
LMBS,
LMFA,
LMND,
LMNL,
LMNR,
LMNX,
LMPX,
LMRK,
LMST,
LMT,
LNC,
LND,
LNDC,
LNFA,
LNG,
LNGR,
LNN,
LNSR,
LNT,
LNTH,
LOAC,
LOAN,
LOB,
LOCO,
LODE,
LOGC,
LOGI,
LOKB,
LOMA,
LOOP,
LOPE,
LORL,
LOTZ,
LOUP,
LOV,
LOVE,
LOW,
LOWC,
LPCN,
LPG,
LPI,
LPL,
LPLA,
LPRO,
LPSN,
LPTH,
LPTX,
LPX,
LQD,
LQDA,
LQDH,
LQDI,
LQDT,
LRCX,
LRGE,
LRGF,
LRMR,
LRN,
LRNZ,
LSAF,
LSAQ,
LSAT,
LSBK,
LSCC,
LSEA,
LSF,
LSI,
LSLT,
LSPD,
LSST,
LSTR,
LTBR,
LTC,
LTHM,
LTL,
LTPZ,
LTRN,
LTRX,
LUB,
LULU,
LUMN,
LUMO,
LUNA,
LUNG,
LUV,
LUXA,
LUXE,
LVHD,
LVHI,
LVOL,
LVS,
LWAY,
LXEH,
LXFR,
LXP,
LXRX,
LXU,
LYB,
LYFE,
LYFT,
LYG,
LYL,
LYRA,
LYTS,
LYV,
LZB,
MAA,
MAAC,
MAAX,
MAC,
MACK,
MACU,
MAG,
MAGA,
MAGS,
MAIN,
MAN,
MANH,
MANT,
MANU,
MAR,
MARA,
MARB,
MARK,
MAS,
MASI,
MASS,
MAT,
MATW,
MATX,
MAV,
MAX,
MAXN,
MAXR,
MAYS,
MBB,
MBBB,
MBCN,
MBI,
MBII,
MBIN,
MBIO,
MBOT,
MBRX,
MBSD,
MBT,
MBUU,
MBWM,
MCA,
MCAC,
MCB,
MCBC,
MCBS,
MCD,
MCEF,
MCF,
MCFE,
MCFT,
MCHI,
MCHP,
MCHX,
MCI,
MCK,
MCMJ,
MCN,
MCO,
MCR,
MCRB,
MCRI,
MCRO,
MCS,
MCY,
MDB,
MDC,
MDCA,
MDGL,
MDGS,
MDIA,
MDIV,
MDJH,
MDLA,
MDLQ,
MDLX,
MDLY,
MDLZ,
MDNA,
MDP,
MDRR,
MDRX,
MDT,
MDU,
MDVL,
MDWD,
MDWT,
MDXG,
MDY,
MDYG,
MDYV,
MEAR,
MEC,
MED,
MEDP,
MEDS,
MEG,
MEI,
MEIP,
MELI,
MEN,
MEOH,
MERC,
MESA,
MESO,
MET,
METC,
METX,
MEXX,
MFA,
MFC,
MFD,
MFDX,
MFEM,
MFG,
MFGP,
MFH,
MFIN,
MFL,
MFM,
MFMS,
MFNC,
MFT,
MFUS,
MFV,
MGA,
MGC,
MGEE,
MGF,
MGI,
MGIC,
MGK,
MGLN,
MGM,
MGMT,
MGNI,
MGNX,
MGP,
MGPI,
MGR,
MGRB,
MGRC,
MGTA,
MGTX,
MGU,
MGV,
MGY,
MGYR,
MHD,
MHE,
MHF,
MHH,
MHI,
MHK,
MHLA,
MHLD,
MHN,
MHNC,
MHO,
MIC,
MICT,
MID,
MIDD,
MIDF,
MIDU,
MIE,
MIG,
MIK,
MILN,
MIME,
MIN,
MINC,
MIND,
MINT,
MIRM,
MIST,
MITK,
MITO,
MITT,
MIXT,
MIY,
MJJ,
MJO,
MKC,
MKD,
MKGI,
MKL,
MKSI,
MKTX,
MLAB,
MLAC,
MLCO,
MLHR,
MLI,
MLM,
MLN,
MLND,
MLP,
MLPA,
MLPB,
MLPO,
MLPR,
MLPX,
MLPY,
MLR,
MLSS,
MLVF,
MMAC,
MMC,
MMD,
MMI,
MMIN,
MMIT,
MMLG,
MMLP,
MMM,
MMP,
MMS,
MMSI,
MMT,
MMTM,
MMU,
MMX,
MMYT,
MNA,
MNDO,
MNKD,
MNOV,
MNP,
MNPR,
MNR,
MNRL,
MNRO,
MNSB,
MNSO,
MNST,
MNTK,
MNTX,
MOAT,
MOD,
MODN,
MODV,
MOFG,
MOGO,
MOGU,
MOH,
MOHO,
MOM,
MOMO,
MOO,
MOON,
MOR,
MORF,
MORN,
MORT,
MOS,
MOSY,
MOTI,
MOTO,
MOTS,
MOV,
MOXC,
MPA,
MPAA,
MPB,
MPC,
MPLN,
MPLX,
MPV,
MPW,
MPWR,
MPX,
MQT,
MQY,
MRAD,
MRAM,
MRBK,
MRC,
MRCC,
MRCY,
MREO,
MRGR,
MRIN,
MRK,
MRKR,
MRLN,
MRM,
MRNA,
MRNS,
MRO,
MRSK,
MRSN,
MRTN,
MRTX,
MRUS,
MRVI,
MRVL,
MSA,
MSB,
MSBI,
MSC,
MSCI,
MSD,
MSEX,
MSFT,
MSGE,
MSGM,
MSGN,
MSGS,
MSI,
MSM,
MSN,
MSON,
MSOS,
MSP,
MSTB,
MSTR,
MSVB,
MSVX,
MTA,
MTB,
MTBC,
MTC,
MTCH,
MTCN,
MTCR,
MTD,
MTDR,
MTEM,
MTEX,
MTG,
MTGP,
MTH,
MTL,
MTLS,
MTN,
MTNB,
MTOR,
MTP,
MTR,
MTRN,
MTRX,
MTSC,
MTSI,
MTSL,
MTT,
MTUM,
MTW,
MTX,
MTZ,
MUA,
MUB,
MUC,
MUDS,
MUE,
MUFG,
MUH,
MUI,
MUJ,
MUNI,
MUR,
MUS,
MUSA,
MUST,
MUX,
MVBF,
MVF,
MVIS,
MVO,
MVRL,
MVT,
MVV,
MWA,
MWK,
MXC,
MXDU,
MXE,
MXF,
MXI,
MXIM,
MXL,
MYC,
MYD,
MYE,
MYF,
MYFW,
MYGN,
MYI,
MYJ,
MYN,
MYO,
MYOV,
MYRG,
MYSZ,
MYT,
MYTE,
MYY,
MZA,
MZZ,
NAC,
NACP,
NAD,
NAII,
NAIL,
NAK,
NAKD,
NAN,
NANR,
NAOV,
NAPR,
NARI,
NAT,
NATH,
NATI,
NATR,
NAV,
NAVB,
NAVI,
NAZ,
NBA,
NBAC,
NBB,
NBEV,
NBH,
NBHC,
NBIX,
NBLX,
NBN,
NBO,
NBR,
NBRV,
NBSE,
NBTB,
NBTX,
NBW,
NBY,
NCA,
NCB,
NCBS,
NCLH,
NCMI,
NCNA,
NCNO,
NCR,
NCSM,
NCTY,
NCV,
NCZ,
NDAQ,
NDLS,
NDMO,
NDP,
NDRA,
NDSN,
NEA,
NEAR,
NEE,
NEM,
NEN,
NEO,
NEOG,
NEON,
NEOS,
NEP,
NEPH,
NEPT,
NERD,
NERV,
NES,
NESR,
NET,
NETE,
NETL,
NEU,
NEV,
NEW,
NEWA,
NEWR,
NEWT,
NEX,
NEXA,
NEXT,
NFBK,
NFE,
NFG,
NFH,
NFJ,
NFLT,
NFLX,
NFRA,
NFTY,
NGA,
NGAC,
NGD,
NGE,
NGG,
NGL,
NGM,
NGMS,
NGS,
NGVC,
NGVT,
NHA,
NHC,
NHF,
NHI,
NHIC,
NHLD,
NHS,
NHTC,
NIB,
NICE,
NICK,
NID,
NIE,
NIFE,
NIM,
NINE,
NIO,
NIQ,
NISN,
NIU,
NJAN,
NJR,
NJUL,
NJV,
NKE,
NKG,
NKLA,
NKSH,
NKTR,
NKTX,
NKX,
NLOK,
NLR,
NLS,
NLSN,
NLSP,
NLY,
NMCI,
NMCO,
NMFC,
NMI,
NMIH,
NML,
NMM,
NMMC,
NMR,
NMRD,
NMRK,
NMS,
NMT,
NMTR,
NMY,
NMZ,
NNA,
NNBR,
NNDM,
NNI,
NNN,
NNOX,
NNVC,
NNY,
NOA,
NOAC,
NOAH,
NOBL,
NOC,
NOCT,
NODK,
NOG,
NOK,
NOM,
NOMD,
NORW,
NOV,
NOVA,
NOVN,
NOVS,
NOVT,
NOW,
NPA,
NPK,
NPN,
NPO,
NPTN,
NPV,
NQP,
NRBO,
NRC,
NREF,
NRG,
NRGD,
NRGU,
NRGX,
NRIM,
NRIX,
NRK,
NRO,
NRP,
NRT,
NRUC,
NRZ,
NSA,
NSC,
NSCO,
NSEC,
NSH,
NSIT,
NSL,
NSP,
NSPR,
NSS,
NSSC,
NSTG,
NSYS,
NTAP,
NTB,
NTCO,
NTCT,
NTEC,
NTES,
NTG,
NTGR,
NTIC,
NTIP,
NTLA,
NTN,
NTNX,
NTP,
NTR,
NTRA,
NTRS,
NTST,
NTSX,
NTUS,
NTWK,
NTZ,
NUAG,
NUAN,
NUBD,
NUDM,
NUE,
NUEM,
NUGT,
NUHY,
NULC,
NULG,
NULV,
NUM,
NUMG,
NUMV,
NUO,
NURE,
NURO,
NUS,
NUSA,
NUSC,
NUSI,
NUV,
NUVA,
NUW,
NUZE,
NVAX,
NVCN,
NVCR,
NVDA,
NVEC,
NVEE,
NVFY,
NVG,
NVGS,
NVIV,
NVMI,
NVMZ,
NVO,
NVQ,
NVR,
NVRO,
NVS,
NVST,
NVT,
NVTA,
NWBI,
NWE,
NWFL,
NWG,
NWHM,
NWL,
NWLI,
NWN,
NWPX,
NWS,
NWSA,
NXC,
NXE,
NXGN,
NXJ,
NXN,
NXP,
NXPI,
NXQ,
NXR,
NXRT,
NXST,
NXTC,
NXTD,
NXTG,
NYC,
NYCB,
NYF,
NYMT,
NYMX,
NYT,
NYV,
NZF,
OACB,
OAS,
OBAS,
OBCI,
OBLG,
OBLN,
OBNK,
OBOR,
OBSV,
OCA,
OCC,
OCCI,
OCDX,
OCFC,
OCFT,
OCG,
OCGN,
OCIO,
OCN,
OCSI,
OCSL,
OCTZ,
OCUL,
OCUP,
OCX,
ODC,
ODFL,
ODP,
ODT,
OEC,
OEF,
OEG,
OESX,
OEUR,
OFC,
OFED,
OFG,
OFIX,
OFLX,
OFS,
OGCP,
OGE,
OGEN,
OGI,
OGIG,
OGS,
OHI,
OIA,
OIH,
OII,
OIIM,
OIL,
OILK,
OIS,
OKE,
OKTA,
OLB,
OLD,
OLED,
OLLI,
OLMA,
OLN,
OLP,
OMAB,
OMC,
OMCL,
OMEG,
OMER,
OMEX,
OMF,
OMFL,
OMFS,
OMI,
OMP,
ONB,
ONCR,
ONCS,
ONCT,
ONCY,
ONDS,
ONE,
ONEM,
ONEO,
ONEQ,
ONEV,
ONEW,
ONEY,
ONLN,
ONOF,
ONTO,
ONTX,
ONVO,
OOMA,
OPBK,
OPCH,
OPEN,
OPER,
OPGN,
OPHC,
OPI,
OPK,
OPNT,
OPOF,
OPP,
OPRA,
OPRT,
OPRX,
OPT,
OPTN,
OPTT,
OPY,
ORA,
ORAN,
ORBC,
ORC,
ORCC,
ORCL,
ORGO,
ORGS,
ORI,
ORIC,
ORLA,
ORLY,
ORMP,
ORN,
ORPH,
ORRF,
ORTX,
OSB,
OSBC,
OSCV,
OSG,
OSH,
OSIS,
OSK,
OSMT,
OSN,
OSPN,
OSS,
OSTK,
OSUR,
OSW,
OTEL,
OTEX,
OTIC,
OTIS,
OTLK,
OTRA,
OTRK,
OTTR,
OUNZ,
OUSA,
OUSM,
OUT,
OVB,
OVBC,
OVF,
OVID,
OVL,
OVLH,
OVLY,
OVM,
OVS,
OVT,
OVV,
OXBR,
OXFD,
OXLC,
OXM,
OXSQ,
OXY,
OYST,
OZK,
OZON,
PAA,
PAAS,
PAC,
PACB,
PACE,
PACK,
PACW,
PAE,
PAG,
PAGP,
PAGS,
PAHC,
PAI,
PAIC,
PAK,
PALC,
PALL,
PAM,
PAMC,
PANA,
PAND,
PANL,
PANW,
PAPR,
PAR,
PARR,
PASG,
PATI,
PATK,
PAUG,
PAVE,
PAVM,
PAWZ,
PAX,
PAYA,
PAYC,
PAYS,
PAYX,
PBA,
PBB,
PBC,
PBCT,
PBD,
PBDM,
PBE,
PBEE,
PBF,
PBFS,
PBFX,
PBH,
PBHC,
PBI,
PBIP,
PBJ,
PBLA,
PBND,
PBP,
PBPB,
PBR,
PBS,
PBSM,
PBT,
PBTP,
PBTS,
PBUS,
PBW,
PBY,
PBYI,
PCAR,
PCB,
PCEF,
PCF,
PCG,
PCGU,
PCH,
PCI,
PCK,
PCM,
PCN,
PCOM,
PCPL,
PCQ,
PCRX,
PCSA,
PCSB,
PCTI,
PCTY,
PCVX,
PCY,
PCYG,
PCYO,
PDAC,
PDBC,
PDCE,
PDCO,
PDD,
PDEC,
PDEV,
PDEX,
PDFS,
PDI,
PDLB,
PDM,
PDN,
PDO,
PDP,
PDS,
PDSB,
PDT,
PEAK,
PEB,
PEBK,
PEBO,
PED,
PEG,
PEGA,
PEI,
PEIX,
PEJ,
PEN,
PENN,
PEO,
PEP,
PERI,
PESI,
PETQ,
PETS,
PETZ,
PEX,
PEXL,
PEY,
PEZ,
PFBC,
PFBI,
PFC,
PFD,
PFE,
PFEB,
PFF,
PFFA,
PFFD,
PFFL,
PFFR,
PFFV,
PFG,
PFGC,
PFH,
PFHD,
PFI,
PFIE,
PFIG,
PFIN,
PFIS,
PFL,
PFLD,
PFLT,
PFM,
PFMT,
PFN,
PFO,
PFPT,
PFS,
PFSI,
PFSW,
PFX,
PFXF,
PGAL,
PGC,
PGEN,
PGF,
PGHY,
PGJ,
PGM,
PGNY,
PGP,
PGR,
PGRE,
PGTI,
PGX,
PGZ,
PHAR,
PHAS,
PHAT,
PHB,
PHCF,
PHD,
PHDG,
PHG,
PHGE,
PHI,
PHIC,
PHIO,
PHK,
PHM,
PHO,
PHR,
PHT,
PHUN,
PHX,
PHYL,
PHYS,
PIAI,
PICB,
PICK,
PICO,
PID,
PIE,
PIFI,
PII,
PILL,
PIM,
PIN,
PINC,
PINE,
PING,
PINS,
PIO,
PIPP,
PIPR,
PIRS,
PIXY,
PIZ,
PJAN,
PJP,
PJT,
PJUL,
PJUN,
PKB,
PKBK,
PKE,
PKG,
PKI,
PKO,
PKOH,
PKW,
PKX,
PLAB,
PLAG,
PLAN,
PLAT,
PLAY,
PLBC,
PLCE,
PLD,
PLG,
PLIN,
PLL,
PLM,
PLMR,
PLNT,
PLOW,
PLPC,
PLRX,
PLSE,
PLT,
PLTK,
PLTM,
PLTR,
PLUG,
PLUS,
PLW,
PLX,
PLXP,
PLXS,
PLYA,
PLYM,
PMAR,
PMAY,
PMBC,
PMD,
PME,
PMF,
PML,
PMM,
PMO,
PMT,
PMVC,
PMVP,
PMX,
PNBK,
PNC,
PNF,
PNFP,
PNI,
PNM,
PNNT,
PNOV,
PNQI,
PNR,
PNRG,
PNTG,
PNW,
POAI,
POCT,
PODD,
POLA,
POOL,
POR,
POSH,
POST,
POTX,
POWI,
POWL,
POWW,
PPA,
PPBI,
PPBT,
PPC,
PPD,
PPG,
PPH,
PPIH,
PPL,
PPLT,
PPR,
PPSI,
PPT,
PPTY,
PPX,
PQDI,
PQG,
PQIN,
PQLC,
PQSG,
PQSV,
PRA,
PRAA,
PRAH,
PRAX,
PRCH,
PRDO,
PREF,
PRF,
PRFT,
PRFX,
PRFZ,
PRG,
PRGO,
PRGS,
PRGX,
PRI,
PRIM,
PRK,
PRLB,
PRLD,
PRMW,
PRN,
PRNT,
PRO,
PROF,
PROG,
PROS,
PROV,
PRPB,
PRPH,
PRPL,
PRPO,
PRQR,
PRS,
PRSP,
PRT,
PRTA,
PRTC,
PRTH,
PRTK,
PRTS,
PRTY,
PRU,
PRVB,
PSA,
PSAC,
PSB,
PSC,
PSCC,
PSCD,
PSCE,
PSCF,
PSCH,
PSCI,
PSCM,
PSCT,
PSCU,
PSCX,
PSEC,
PSEP,
PSET,
PSF,
PSFD,
PSFF,
PSHG,
PSI,
PSJ,
PSK,
PSL,
PSLV,
PSMB,
PSMC,
PSMD,
PSMG,
PSMM,
PSMT,
PSN,
PSNL,
PSO,
PSP,
PSQ,
PSR,
PST,
PSTG,
PSTH,
PSTI,
PSTL,
PSTV,
PSTX,
PSX,
PSXP,
PTA,
PTBD,
PTC,
PTCT,
PTE,
PTEN,
PTEU,
PTF,
PTGX,
PTH,
PTIC,
PTIN,
PTK,
PTLC,
PTMC,
PTMN,
PTN,
PTNQ,
PTNR,
PTON,
PTPI,
PTR,
PTRS,
PTSI,
PTVE,
PTY,
PUBM,
PUI,
PUK,
PULM,
PULS,
PUMP,
PUTW,
PUYI,
PVAC,
PVBC,
PVG,
PVH,
PVI,
PVL,
PWB,
PWC,
PWFL,
PWOD,
PWR,
PWS,
PWV,
PWZ,
PXD,
PXE,
PXF,
PXH,
PXI,
PXJ,
PXLW,
PXQ,
PXS,
PYN,
PYPD,
PYPE,
PYPL,
PYS,
PYT,
PYZ,
PZA,
PZC,
PZD,
PZG,
PZN,
PZT,
PZZA,
QABA,
QADA,
QADB,
QAI,
QARP,
QAT,
QCLN,
QCOM,
QCRH,
QDEC,
QDEF,
QDEL,
QDF,
QDIV,
QDYN,
QED,
QEFA,
QELL,
QEMM,
QEP,
QFIN,
QGEN,
QGRO,
QID,
QINT,
QIWI,
QLC,
QLD,
QLGN,
QLI,
QLS,
QLTA,
QLV,
QLVD,
QLVE,
QLYS,
QMCO,
QMJ,
QMN,
QMOM,
QNST,
QPT,
QPX,
QQC,
QQD,
QQEW,
QQH,
QQQ,
QQQE,
QQQJ,
QQQM,
QQQN,
QQQX,
QQXT,
QRFT,
QRHC,
QRVO,
QSR,
QSY,
QTEC,
QTNT,
QTRX,
QTS,
QTT,
QTUM,
QTWO,
QUAD,
QUAL,
QUIK,
QUMU,
QUOT,
QURE,
QUS,
QVAL,
QVCC,
QVCD,
QWLD,
QYLD,
QYLG,
RAAX,
RACA,
RACE,
RAD,
RADA,
RADI,
RAFE,
RAIL,
RALS,
RAMP,
RAND,
RAPT,
RARE,
RAVE,
RAVI,
RAVN,
RAYC,
RBA,
RBAC,
RBB,
RBBN,
RBC,
RBCN,
RBIN,
RBKB,
RBNC,
RBND,
RBUS,
RCA,
RCB,
RCD,
RCEL,
RCG,
RCHG,
RCI,
RCII,
RCKT,
RCKY,
RCL,
RCM,
RCMT,
RCON,
RCP,
RCS,
RCUS,
RDCM,
RDFI,
RDFN,
RDHL,
RDI,
RDIB,
RDIV,
RDN,
RDNT,
RDOG,
RDUS,
RDVT,
RDVY,
RDWR,
RDY,
REAL,
REC,
RECS,
REDU,
REED,
REET,
REFR,
REG,
REGI,
REGL,
REGN,
REI,
REK,
REKR,
RELL,
RELX,
REM,
REML,
REMX,
RENN,
REPH,
REPL,
RES,
RESD,
RESE,
RESN,
RESP,
RETA,
RETL,
RETO,
REV,
REVG,
REVS,
REW,
REX,
REXR,
REYN,
REZ,
REZI,
RFAP,
RFCI,
RFDA,
RFDI,
RFEM,
RFEU,
RFFC,
RFG,
RFI,
RFIL,
RFL,
RFM,
RFP,
RFUN,
RFV,
RGA,
RGCO,
RGEN,
RGI,
RGLD,
RGLS,
RGNX,
RGP,
RGR,
RGS,
RGT,
RHE,
RHI,
RHP,
RHS,
RIBT,
RICE,
RICK,
RIDE,
RIG,
RIGL,
RIGS,
RILY,
RINF,
RING,
RIO,
RIOT,
RISN,
RIV,
RIVE,
RJA,
RJF,
RJI,
RJN,
RJZ,
RKDA,
RKT,
RLAY,
RLGT,
RLGY,
RLH,
RLI,
RLJ,
RLMD,
RLX,
RLY,
RMAX,
RMBI,
RMBL,
RMBS,
RMCF,
RMD,
RMED,
RMI,
RMM,
RMNI,
RMO,
RMR,
RMRM,
RMT,
RMTI,
RNA,
RNDB,
RNDM,
RNDV,
RNEM,
RNET,
RNG,
RNGR,
RNLC,
RNLX,
RNMC,
RNP,
RNR,
RNSC,
RNST,
RNWK,
ROAD,
ROAM,
ROBO,
ROBT,
ROCC,
ROCH,
ROCK,
RODE,
RODI,
RODM,
ROG,
ROIC,
ROK,
ROKT,
ROKU,
ROL,
ROLL,
ROM,
ROMO,
ROOF,
ROOT,
ROP,
RORO,
ROSC,
ROST,
ROUS,
RPAI,
RPAR,
RPAY,
RPD,
RPG,
RPLA,
RPM,
RPRX,
RPT,
RPTX,
RPV,
RQI,
RRBI,
RRC,
RRD,
RRGB,
RRR,
RSF,
RSG,
RSI,
RSP,
RSSS,
RSVA,
RSX,
RSXJ,
RTAI,
RTH,
RTLR,
RTM,
RTP,
RTPZ,
RTX,
RUBY,
RUHN,
RUN,
RUSL,
RUTH,
RVI,
RVLV,
RVMD,
RVNC,
RVNU,
RVP,
RVPH,
RVRS,
RVSB,
RVT,
RWGV,
RWJ,
RWK,
RWL,
RWLK,
RWM,
RWO,
RWR,
RWT,
RWVG,
RWX,
RXD,
RXI,
RXL,
RXN,
RXT,
RYAM,
RYB,
RYE,
RYF,
RYH,
RYI,
RYJ,
RYLD,
RYN,
RYT,
RYTM,
RYU,
RZA,
RZB,
RZG,
RZLT,
RZV,
SAA,
SABR,
SACC,
SACH,
SAF,
SAFE,
SAFM,
SAFT,
SAGE,
SAH,
SAIA,
SAIC,
SAII,
SAIL,
SAK,
SAL,
SALM,
SALT,
SAM,
SAMG,
SAN,
SAND,
SANM,
SANW,
SAP,
SAR,
SASR,
SATS,
SAVA,
SAVE,
SBAC,
SBB,
SBBA,
SBBP,
SBCF,
SBE,
SBFG,
SBG,
SBGI,
SBH,
SBI,
SBIO,
SBLK,
SBM,
SBNY,
SBOW,
SBR,
SBRA,
SBS,
SBSI,
SBSW,
SBT,
SBTX,
SBUG,
SBUX,
SCA,
SCC,
SCCB,
SCCC,
SCCO,
SCD,
SCHA,
SCHB,
SCHC,
SCHD,
SCHE,
SCHF,
SCHG,
SCHH,
SCHI,
SCHJ,
SCHK,
SCHL,
SCHM,
SCHN,
SCHO,
SCHP,
SCHQ,
SCHR,
SCHV,
SCHW,
SCHX,
SCHZ,
SCI,
SCJ,
SCKT,
SCL,
SCM,
SCO,
SCOR,
SCPE,
SCPH,
SCPL,
SCPS,
SCS,
SCSC,
SCU,
SCVL,
SCVX,
SCWX,
SCX,
SCYX,
SCZ,
SDC,
SDCI,
SDD,
SDEF,
SDEI,
SDEM,
SDG,
SDGA,
SDGR,
SDHY,
SDIV,
SDOG,
SDOW,
SDP,
SDPI,
SDS,
SDVY,
SDY,
SEAC,
SEAH,
SEAS,
SEB,
SECO,
SECT,
SEDG,
SEE,
SEED,
SEEL,
SEER,
SEF,
SEIC,
SEIX,
SELB,
SELF,
SEM,
SENS,
SEPZ,
SESN,
SFB,
SFBC,
SFBS,
SFE,
SFET,
SFHY,
SFIG,
SFIX,
SFL,
SFM,
SFNC,
SFST,
SFT,
SFTW,
SFUN,
SFY,
SFYF,
SFYX,
SGA,
SGAM,
SGBX,
SGC,
SGDJ,
SGDM,
SGEN,
SGG,
SGH,
SGLB,
SGMA,
SGMO,
SGMS,
SGOC,
SGOL,
SGOV,
SGRP,
SGRY,
SGTX,
SGU,
SHAG,
SHAK,
SHBI,
SHC,
SHE,
SHEN,
SHG,
SHI,
SHIP,
SHLD,
SHLS,
SHLX,
SHM,
SHO,
SHOO,
SHOP,
SHSP,
SHV,
SHW,
SHY,
SHYD,
SHYF,
SHYG,
SHYL,
SIBN,
SIC,
SID,
SIEB,
SIEN,
SIF,
SIFY,
SIG,
SIGA,
SIGI,
SII,
SIJ,
SIL,
SILC,
SILJ,
SILK,
SILV,
SIM,
SIMO,
SIMS,
SINA,
SINO,
SINT,
SIOX,
SIRI,
SITC,
SITE,
SITM,
SIVB,
SIVR,
SIX,
SIXA,
SIXH,
SIXL,
SIXS,
SIZE,
SJB,
SJI,
SJIJ,
SJIU,
SJM,
SJNK,
SJR,
SJT,
SJW,
SKF,
SKLZ,
SKM,
SKOR,
SKT,
SKX,
SKY,
SKYU,
SKYW,
SKYY,
SLAB,
SLB,
SLCA,
SLCT,
SLDB,
SLF,
SLG,
SLGG,
SLGL,
SLGN,
SLM,
SLN,
SLNO,
SLP,
SLQD,
SLQT,
SLRC,
SLRX,
SLS,
SLT,
SLV,
SLVO,
SLVP,
SLX,
SLY,
SLYG,
SLYV,
SMAR,
SMB,
SMBC,
SMBK,
SMCI,
SMCP,
SMDD,
SMDV,
SMDY,
SMED,
SMEZ,
SMFG,
SMG,
SMH,
SMHB,
SMID,
SMIN,
SMIT,
SMLF,
SMLP,
SMLV,
SMM,
SMMD,
SMMF,
SMMT,
SMMU,
SMMV,
SMN,
SMOG,
SMP,
SMPL,
SMSI,
SMTC,
SMTI,
SMTS,
SMTX,
SNA,
SNAP,
SNBR,
SNCA,
SNCR,
SND,
SNDE,
SNDL,
SNDR,
SNDX,
SNE,
SNES,
SNEX,
SNGX,
SNLN,
SNMP,
SNN,
SNOA,
SNOW,
SNP,
SNPE,
SNPR,
SNPS,
SNR,
SNSR,
SNSS,
SNUG,
SNV,
SNX,
SNY,
SOAC,
SOCL,
SOGO,
SOHO,
SOHU,
SOI,
SOJB,
SOJC,
SOJD,
SOJE,
SOL,
SOLN,
SOLO,
SOLY,
SON,
SONA,
SONM,
SONN,
SONO,
SOR,
SOS,
SOVB,
SOXL,
SOXS,
SOXX,
SOYB,
SPAB,
SPAK,
SPB,
SPBO,
SPCB,
SPCE,
SPCX,
SPD,
SPDN,
SPDV,
SPDW,
SPE,
SPEM,
SPEU,
SPFF,
SPFI,
SPFR,
SPG,
SPGI,
SPGM,
SPGP,
SPH,
SPHB,
SPHD,
SPHQ,
SPHS,
SPHY,
SPI,
SPIB,
SPIP,
SPKE,
SPLB,
SPLG,
SPLK,
SPLP,
SPLV,
SPMB,
SPMD,
SPMO,
SPMV,
SPNE,
SPNS,
SPNV,
SPOK,
SPOT,
SPPI,
SPPP,
SPQQ,
SPR,
SPRB,
SPRE,
SPRO,
SPRQ,
SPRT,
SPSB,
SPSC,
SPSK,
SPSM,
SPT,
SPTL,
SPTM,
SPTN,
SPTS,
SPUC,
SPUS,
SPUU,
SPVM,
SPVU,
SPWH,
SPWR,
SPXB,
SPXC,
SPXE,
SPXL,
SPXN,
SPXS,
SPXT,
SPXU,
SPXV,
SPXX,
SPXZ,
SPY,
SPYC,
SPYD,
SPYG,
SPYV,
SPYX,
SQBG,
SQEW,
SQFT,
SQLV,
SQM,
SQNS,
SQQQ,
SQZ,
SRAC,
SRAX,
SRC,
SRCE,
SRCL,
SRDX,
SRE,
SREA,
SRET,
SREV,
SRG,
SRGA,
SRI,
SRL,
SRLN,
SRLP,
SRNE,
SRPT,
SRRA,
SRRK,
SRS,
SRSA,
SRT,
SRTS,
SRTY,
SRV,
SRVR,
SSB,
SSBI,
SSD,
SSG,
SSKN,
SSL,
SSLY,
SSNC,
SSNT,
SSO,
SSP,
SSPK,
SSPY,
SSRM,
SSSS,
SSTI,
SSTK,
SSUS,
SSY,
SSYS,
STAA,
STAF,
STAG,
STAR,
STAY,
STBA,
STC,
STCN,
STE,
STEP,
STFC,
STG,
STIC,
STIM,
STIP,
STK,
STKL,
STKS,
STL,
STLA,
STLC,
STLD,
STLG,
STLV,
STM,
STMB,
STMP,
STN,
STND,
STNE,
STNG,
STOK,
STON,
STOR,
STOT,
STPK,
STPZ,
STRA,
STRL,
STRM,
STRO,
STRR,
STRS,
STRT,
STSA,
STSB,
STT,
STTK,
STWD,
STWO,
STX,
STXB,
STXS,
STZ,
SUB,
SUI,
SULR,
SUM,
SUMO,
SUMR,
SUN,
SUNS,
SUNW,
SUP,
SUPN,
SUPV,
SURF,
SUSA,
SUSB,
SUSC,
SUSL,
SUZ,
SVAC,
SVAL,
SVBI,
SVC,
SVFA,
SVM,
SVMK,
SVRA,
SVT,
SVVC,
SVXY,
SWAN,
SWAV,
SWBI,
SWCH,
SWI,
SWIR,
SWK,
SWKH,
SWKS,
SWM,
SWN,
SWT,
SWTX,
SWX,
SWZ,
SXC,
SXI,
SXT,
SXTC,
SYBT,
SYBX,
SYE,
SYF,
SYG,
SYK,
SYKE,
SYLD,
SYN,
SYNA,
SYNC,
SYNH,
SYNL,
SYPR,
SYRS,
SYTA,
SYV,
SYX,
SYY,
SZC,
SZK,
SZNE,
TAAG,
TAC,
TACA,
TACE,
TACO,
TACT,
TADS,
TAEQ,
TAGS,
TAIL,
TAIT,
TAK,
TAL,
TALO,
TAN,
TANH,
TAOP,
TAP,
TARA,
TARO,
TARS,
TAST,
TATT,
TAXF,
TAYD,
TBA,
TBB,
TBBK,
TBC,
TBF,
TBI,
TBIO,
TBJL,
TBK,
TBLT,
TBNK,
TBPH,
TBT,
TBX,
TCBI,
TCBK,
TCDA,
TCF,
TCFC,
TCHP,
TCI,
TCMD,
TCOM,
TCON,
TCP,
TCPC,
TCRR,
TCS,
TCTL,
TCX,
TDA,
TDAC,
TDC,
TDE,
TDF,
TDG,
TDI,
TDIV,
TDJ,
TDOC,
TDS,
TDSA,
TDSB,
TDSC,
TDSD,
TDSE,
TDTF,
TDTT,
TDV,
TDVG,
TDW,
TDY,
TEAF,
TEAM,
TECB,
TECH,
TECK,
TECL,
TECS,
TEDU,
TEF,
TEGS,
TEI,
TEKK,
TEL,
TELA,
TELL,
TEN,
TENB,
TENX,
TEO,
TEQI,
TER,
TERM,
TESS,
TEVA,
TEX,
TFC,
TFFP,
TFI,
TFII,
TFIV,
TFJL,
TFLO,
TFLT,
TFSL,
TFX,
TGA,
TGB,
TGC,
TGH,
TGI,
TGIF,
TGLS,
TGNA,
TGP,
TGRW,
TGS,
TGT,
TGTX,
THBR,
THC,
THCA,
THCB,
THCX,
THD,
THFF,
THG,
THM,
THMO,
THNQ,
THO,
THQ,
THR,
THRM,
THRY,
THS,
THTX,
THW,
THY,
TIG,
TIGO,
TIGR,
TILE,
TILT,
TIMB,
TINV,
TIP,
TIPT,
TIPX,
TIPZ,
TIRX,
TISI,
TITN,
TJX,
TKAT,
TKC,
TKR,
TLC,
TLGT,
TLH,
TLK,
TLMD,
TLND,
TLRY,
TLS,
TLSA,
TLT,
TLTD,
TLTE,
TLYS,
TMAT,
TMBR,
TMDI,
TMDV,
TMDX,
TME,
TMF,
TMFC,
TMHC,
TMO,
TMP,
TMPM,
TMQ,
TMST,
TMTS,
TMUS,
TMV,
TMX,
TNA,
TNAV,
TNC,
TNDM,
TNET,
TNK,
TNP,
TNXP,
TOK,
TOKE,
TOL,
TOLZ,
TOMZ,
TOPS,
TOT,
TOTL,
TOUR,
TOWN,
TPAY,
TPB,
TPC,
TPCO,
TPGY,
TPH,
TPHD,
TPHS,
TPIC,
TPIF,
TPL,
TPLC,
TPOR,
TPR,
TPRE,
TPSC,
TPTX,
TPVG,
TPVY,
TPX,
TPYP,
TPZ,
TQQQ,
TRC,
TRCH,
TREB,
TREC,
TREE,
TREX,
TRGP,
TRHC,
TRI,
TRIB,
TRIL,
TRIN,
TRIP,
TRIT,
TRMB,
TRMD,
TRMK,
TRMT,
TRN,
TRND,
TRNO,
TRNS,
TROW,
TROX,
TRP,
TRQ,
TRS,
TRST,
TRT,
TRTN,
TRTX,
TRTY,
TRU,
TRUE,
TRUP,
TRV,
TRVG,
TRVI,
TRVN,
TRX,
TRXC,
TSBK,
TSC,
TSCO,
TSE,
TSEM,
TSHA,
TSI,
TSIA,
TSJA,
TSLA,
TSLX,
TSM,
TSN,
TSOC,
TSQ,
TSRI,
TTAC,
TTAI,
TTC,
TTCF,
TTD,
TTEC,
TTEK,
TTGT,
TTI,
TTM,
TTMI,
TTNP,
TTOO,
TTP,
TTT,
TTWO,
TUFN,
TUP,
TUR,
TURN,
TUSA,
TUSK,
TVC,
TVE,
TVTX,
TVTY,
TWCT,
TWI,
TWIN,
TWLO,
TWM,
TWN,
TWND,
TWNK,
TWO,
TWOU,
TWST,
TWTR,
TXG,
TXMD,
TXN,
TXRH,
TXT,
TYD,
TYG,
TYHT,
TYL,
TYME,
TYO,
TZA,
TZOO,
UAA,
UAE,
UAL,
UAMY,
UAN,
UAPR,
UAUG,
UAVS,
UBA,
UBCP,
UBER,
UBFO,
UBOH,
UBOT,
UBP,
UBR,
UBS,
UBSI,
UBT,
UBX,
UCBI,
UCC,
UCIB,
UCL,
UCO,
UCON,
UCTT,
UCYB,
UDEC,
UDN,
UDOW,
UDR,
UEC,
UEIC,
UEPS,
UEVM,
UFAB,
UFCS,
UFEB,
UFI,
UFO,
UFPI,
UFPT,
UFS,
UGA,
UGE,
UGI,
UGL,
UGP,
UHAL,
UHS,
UHT,
UIHC,
UIS,
UITB,
UIVM,
UJAN,
UJB,
UJUL,
UJUN,
ULBI,
ULE,
ULH,
ULST,
ULTA,
ULVM,
UMAR,
UMAY,
UMBF,
UMC,
UMDD,
UMH,
UMPQ,
UNAM,
UNB,
UNBK,
UNF,
UNFI,
UNG,
UNH,
UNIT,
UNL,
UNM,
UNMA,
UNOV,
UNP,
UNTY,
UNVR,
UOCT,
UONE,
UPLD,
UPRO,
UPS,
UPST,
UPV,
UPW,
UPWK,
URA,
URBN,
URE,
URG,
URGN,
URI,
URNM,
UROV,
URTH,
URTY,
USA,
USAC,
USAI,
USAK,
USAP,
USAS,
USAT,
USAU,
USB,
USCI,
USCR,
USD,
USDP,
USDU,
USEG,
USEP,
USEQ,
USFD,
USFR,
USHG,
USHY,
USI,
USIG,
USIO,
USL,
USLB,
USLM,
USM,
USMC,
USMF,
USMV,
USNA,
USO,
USOI,
USPH,
USRT,
USSG,
UST,
USTB,
USVM,
USWS,
USX,
USXF,
UTES,
UTF,
UTG,
UTHR,
UTI,
UTL,
UTMD,
UTRN,
UTSI,
UTSL,
UTZ,
UUP,
UUU,
UUUU,
UVE,
UVSP,
UVV,
UVXY,
UWM,
UWMC,
UXI,
UXIN,
UYG,
UYM,
UZA,
UZB,
UZC,
UZD,
UZE,
VAC,
VACQ,
VALE,
VALQ,
VALT,
VALU,
VAMO,
VAPO,
VAR,
VAW,
VBF,
VBFC,
VBIV,
VBK,
VBLT,
VBND,
VBR,
VBTX,
VCAR,
VCEB,
VCEL,
VCF,
VCIF,
VCIT,
VCLO,
VCLT,
VCNX,
VCR,
VCRA,
VCSH,
VCTR,
VCV,
VCVC,
VCYT,
VDC,
VDE,
VEA,
VEC,
VECO,
VEDL,
VEEV,
VEGA,
VEGI,
VEGN,
VEL,
VEON,
VER,
VERB,
VERI,
VERO,
VERU,
VERX,
VERY,
VET,
VETS,
VEU,
VFC,
VFF,
VFH,
VFIN,
VFL,
VFLQ,
VFMF,
VFMO,
VFMV,
VFQY,
VFVA,
VGAC,
VGI,
VGIT,
VGK,
VGLT,
VGM,
VGR,
VGSH,
VGT,
VGZ,
VHC,
VHI,
VHT,
VIAC,
VIAO,
VIAV,
VICE,
VICI,
VICR,
VIDI,
VIE,
VIG,
VIGI,
VIH,
VINC,
VINP,
VIOG,
VIOO,
VIOT,
VIOV,
VIPS,
VIR,
VIRC,
VIRI,
VIRS,
VIRT,
VIS,
VISL,
VIST,
VITL,
VIV,
VIVE,
VIVO,
VIXM,
VIXY,
VJET,
VKI,
VKQ,
VKTX,
VLDR,
VLO,
VLRS,
VLT,
VLU,
VLUE,
VLY,
VMAC,
VMAR,
VMBS,
VMC,
VMD,
VMI,
VMM,
VMO,
VMOT,
VMW,
VNCE,
VNDA,
VNE,
VNET,
VNLA,
VNM,
VNMC,
VNO,
VNOM,
VNQ,
VNQI,
VNRX,
VNSE,
VNT,
VNTR,
VOC,
VOD,
VOE,
VOLT,
VONE,
VONG,
VONV,
VOO,
VOOG,
VOOV,
VOT,
VOX,
VOXX,
VOYA,
VPC,
VPG,
VPL,
VPN,
VPOP,
VPU,
VPV,
VRA,
VRAI,
VRAY,
VRCA,
VRDN,
VREX,
VRIG,
VRM,
VRME,
VRNA,
VRNS,
VRNT,
VRP,
VRRM,
VRS,
VRSK,
VRSN,
VRT,
VRTS,
VRTU,
VRTV,
VRTX,
VSAT,
VSDA,
VSEC,
VSGX,
VSH,
VSL,
VSMV,
VSPR,
VSS,
VST,
VSTA,
VSTM,
VSTO,
VTA,
VTC,
VTEB,
VTGN,
VTHR,
VTI,
VTIP,
VTN,
VTNR,
VTOL,
VTR,
VTRN,
VTRS,
VTRU,
VTSI,
VTV,
VTVT,
VTWG,
VTWO,
VTWV,
VUG,
VUSE,
VUZI,
VVI,
VVNT,
VVOS,
VVPR,
VVR,
VVV,
VWID,
VWO,
VWOB,
VXF,
VXRT,
VXUS,
VXX,
VXZ,
VYGG,
VYGR,
VYM,
VYMI,
VYNE,
WAB,
WABC,
WAFD,
WAFU,
WAL,
WALA,
WANT,
WASH,
WAT,
WATT,
WBA,
WBAI,
WBIE,
WBIF,
WBIG,
WBII,
WBIL,
WBIN,
WBIT,
WBIY,
WBK,
WBND,
WBS,
WBT,
WCBR,
WCC,
WCLD,
WCN,
WDAY,
WDC,
WDFC,
WDIV,
WDR,
WEA,
WEAT,
WEBL,
WEBS,
WEC,
WEI,
WELL,
WEN,
WERN,
WES,
WETF,
WEX,
WEYS,
WFC,
WFH,
WFHY,
WFIG,
WGO,
WHD,
WHF,
WHG,
WHLM,
WHLR,
WHR,
WIA,
WIFI,
WIL,
WILC,
WIMI,
WINA,
WINC,
WING,
WINT,
WIP,
WIRE,
WISA,
WISH,
WIT,
WIW,
WIX,
WIZ,
WKEY,
WKHS,
WLDN,
WLDR,
WLFC,
WLK,
WLKP,
WLL,
WLTW,
WMB,
WMC,
WMG,
WMK,
WMS,
WMT,
WNC,
WNEB,
WNS,
WNW,
WOMN,
WOOD,
WOOF,
WOR,
WORK,
WORX,
WOW,
WPC,
WPF,
WPG,
WPM,
WPP,
WPRT,
WPS,
WRAP,
WRB,
WRE,
WRI,
WRK,
WRLD,
WRN,
WSBC,
WSBF,
WSC,
WSFS,
WSG,
WSM,
WSO,
WSR,
WST,
WSTG,
WTBA,
WTER,
WTFC,
WTI,
WTM,
WTMF,
WTRE,
WTRG,
WTRH,
WTS,
WTT,
WTTR,
WUGI,
WVE,
WVFC,
WVVI,
WWD,
WWE,
WWJD,
WWOW,
WWR,
WWW,
WYND,
WYNN,
WYY,
XAIR,
XAN,
XAR,
XBI,
XBIO,
XBIT,
XBUY,
XCEM,
XCUR,
XDAT,
XDIV,
XEC,
XEL,
XELA,
XELB,
XENE,
XENT,
XERS,
XES,
XFLT,
XFOR,
XGN,
XHB,
XHE,
XHR,
XHS,
XIN,
XITK,
XJH,
XJR,
XLB,
XLC,
XLE,
XLF,
XLG,
XLI,
XLK,
XLNX,
XLP,
XLRE,
XLRN,
XLSR,
XLU,
XLV,
XLY,
XME,
XMHQ,
XMLV,
XMMO,
XMPT,
XMVM,
XNCR,
XNET,
XNTK,
XOG,
XOM,
XOMA,
XONE,
XOP,
XOUT,
XPEL,
XPER,
XPEV,
XPH,
XPL,
XPO,
XPOA,
XPP,
XRAY,
XRLV,
XRT,
XRX,
XSD,
XSHD,
XSHQ,
XSLV,
XSMO,
XSOE,
XSPA,
XSVM,
XSW,
XTL,
XTLB,
XTN,
XTNT,
XVV,
XVZ,
XWEB,
XXII,
XYF,
XYL,
XYLD,
XYLG,
YAC,
YALA,
YANG,
YCBD,
YCL,
YCS,
YDEC,
YELP,
YETI,
YEXT,
YGMZ,
YINN,
YLCO,
YLD,
YLDE,
YMAB,
YMTX,
YNDX,
YOLO,
YORW,
YPF,
YRCW,
YRD,
YSAC,
YSG,
YTEN,
YTRA,
YUM,
YUMC,
YVR,
YXI,
YYY,
ZAGG,
ZBH,
ZBRA,
ZCAN,
ZCMD,
ZDEU,
ZDGE,
ZEAL,
ZEN,
ZEUS,
ZGBR,
ZGNX,
ZGYH,
ZHOK,
ZIG,
ZIM,
ZION,
ZIOP,
ZIXI,
ZJPN,
ZKIN,
ZLAB,
ZNGA,
ZNH,
ZNTE,
ZNTL,
ZOM,
ZROZ,
ZSAN,
ZSL,
ZTO,
ZTR,
ZTS,
ZTST,
ZUMZ,
ZUO,
ZVO,
ZYME,
ZYNE,
ZYXI,